Company	Job_Title	Date	Status	Link	CV	CL	Location	Salary	Where
Maventa Software GmbH	Junior Biostatistiker*in - Web Applications	2026-11-30	rejected	-	cv.pdf	-	Erfurt	36000	Stepstone
Fynora Software GmbH	Backend Developer - Genomik	2026-11-29	rejected	-	cv.pdf	cover_letter.pdf	Halle (Saale)	41000	Jobware
Heliqon Research Systems	Junior NLP Engineer - Gesundheitsdaten	2026-11-29	applied	-	cv.pdf	cover_letter.pdf	Leipzig	48000	Stepstone
Rheniq IT Services	Data Scientist - Analytics	2026-11-29	rejected	-	cv.pdf	-	Bonn	60000	Stepstone
Belvora Software GmbH	Data Scientist - Analytics	2026-11-27	applied	-	cv.pdf	cover_letter.pdf	Leipzig	60000	Indeed
Cendrix IT Services	Backend Developer	2026-11-27	rejected	-	cv.pdf	-	Leipzig	48000	Website
Genovex Digital Solutions	Bioinformatiker*in	2026-11-27	applied	-	cv.pdf	-	Chemnitz	68000	Stepstone
Lumetrix Research Systems	Senior Machine Learning Engineer	2026-11-27	rejected	-	cv.pdf	cover_letter.pdf	Magdeburg	67000	Stepstone
Pyrelis Data Labs	QA Automation Engineer - Analytics	2026-11-27	applied	-	cv.pdf	-	Schkeuditz	70000	Stepstone
Quantiva Software GmbH	Junior Scientific Programmer - Genomik	2026-11-27	interview	-	cv.pdf	-	Leipzig	47000	Indeed
Dataluma Data Labs	Data Engineer - Web Applications	2026-11-26	rejected	-	cv.pdf	-	Leipzig	62000	Indeed
Lumetrix Software GmbH	Computational Biologist - Cloud und Datenplattformen	2026-11-26	rejected	-	cv.pdf	cover_letter.pdf	München	65000	Stepstone
Rheniq IT Services	Junior Frontend Developer - Analytics	2026-11-26	applied	-	cv.pdf	-	Bonn	41000	Jobware
Aveniq Software GmbH	Junior Data Scientist - Automatisierung	2026-11-25	applied	-	cv.pdf	-	Naumburg (Saale)	37000	Stepstone
Belvora Data Labs	Datenbankentwickler*in - Automatisierung	2026-11-25	rejected	-	cv.pdf	-	Jena	68000	Indeed
Belvora Informatik GmbH	Software Engineer - Python und SQL	2026-11-25	applied	-	cv.pdf	-	Dessau-Roßlau	57000	Indeed
Cendrix IT Services	Data Analyst - Gesundheitsdaten	2026-11-25	applied	-	cv.pdf	-	Leipzig	68000	Website
Dataluma Digital Solutions	Machine Learning Engineer	2026-11-25	rejected	-	cv.pdf	-	Leipzig	59000	Indeed
Genovex Informatik GmbH	Frontend Developer - Python und SQL	2026-11-25	rejected	-	cv.pdf	-	Leipzig	62000	LinkedIn
Maventa Data Labs	Python Developer - Datenvisualisierung	2026-11-25	rejected	-	cv.pdf	-	Merseburg	63000	Stepstone
Maventa Software GmbH	Datenbankentwickler*in	2026-11-25	applied	-	cv.pdf	-	Erfurt	65000	Website
Maventa Software GmbH	Junior NLP Engineer	2026-11-25	applied	-	cv.pdf	-	Erfurt	40000	LinkedIn
Orvanta Data Labs	Software Engineer - Cloud und Datenplattformen	2026-11-25	interview	-	cv.pdf	cover_letter.pdf	Lübeck	56000	Indeed
Quantiva Cloud Technologies	Software Engineer - Forschung und Entwicklung	2026-11-25	rejected	-	cv.pdf	cover_letter.pdf	Berlin	64000	Jobware
Tavexis Digital Solutions	Senior Datenbankentwickler*in - Analytics	2026-11-25	interview	-	cv.pdf	cover_letter.pdf	Dortmund	75000	LinkedIn
Tavexis IT Services	Senior Software Engineer - Forschung und Entwicklung	2026-11-25	applied	-	cv.pdf	-	Halle (Saale)	60000	Stepstone
Aveniq Research Systems	Python Developer	2026-11-24	applied	-	cv.pdf	cover_letter.pdf	Leipzig	57000	Stepstone
Belvora Research Systems	Linux Systemadministrator*in - Genomik	2026-11-24	rejected	-	cv.pdf	-	Stuttgart	54000	Stepstone
Fynora Data Labs	Computer Vision Engineer - Web Applications	2026-11-24	applied	-	cv.pdf	cover_letter.pdf	Bernburg (Saale)	60000	Stepstone
Genovex IT Services	Python Developer - Web Applications	2026-11-24	applied	-	cv.pdf	cover_letter.pdf	Halle (Saale)	51000	LinkedIn
Genovex Software GmbH	Senior Computer Vision Engineer - Genomik	2026-11-24	rejected	-	cv.pdf	-	Jena	72000	LinkedIn
Heliqon Data Labs	Bioinformatiker*in - Automatisierung	2026-11-24	rejected	-	cv.pdf	-	Dessau-Roßlau	56000	Jobware
Kernova Cloud Technologies	IT Consultant - Genomik	2026-11-24	rejected	-	cv.pdf	cover_letter.pdf	Weißenfels	46000	Stepstone
Kernova Digital Solutions	Computational Biologist - Web Applications	2026-11-24	rejected	-	cv.pdf	-	Halle (Saale)	67000	Website
Pyrelis Informatik GmbH	Senior MLOps Engineer - Analytics	2026-11-24	rejected	-	cv.pdf	-	Jena	74000	LinkedIn
Tavexis Cloud Technologies	Application Developer - Cloud und Datenplattformen	2026-11-24	rejected	-	cv.pdf	-	Dortmund	45000	LinkedIn
Tavexis Cloud Technologies	Junior NLP Engineer - Gesundheitsdaten	2026-11-24	rejected	-	cv.pdf	-	Dortmund	31000	Indeed
Belvora Digital Solutions	Senior IT Consultant - Automatisierung	2026-11-23	applied	-	cv.pdf	-	Köthen (Anhalt)	71000	Indeed
Cendrix Research Systems	Senior AI Engineer - Web Applications	2026-11-23	applied	-	cv.pdf	-	Frankfurt am Main	64000	Stepstone
Lumetrix Digital Solutions	Cloud Engineer - Genomik	2026-11-23	rejected	-	cv.pdf	cover_letter.pdf	Halle (Saale)	67000	Website
Pyrelis Research Systems	Junior Business Intelligence Developer - Web Applications	2026-11-23	rejected	-	cv.pdf	-	Bernburg (Saale)	42000	LinkedIn
Isovara BioAnalytics	Web Developer - Genomik	2026-11-22	applied	-	cv.pdf	cover_letter.pdf	Leipzig	57000	Website
Belvora Software GmbH	IT Consultant - Web Applications	2026-11-16	applied	-	cv.pdf	-	Leipzig	63000	LinkedIn
Cendrix Data Labs	Senior Software Engineer	2026-11-16	rejected	-	cv.pdf	cover_letter.pdf	Frankfurt am Main	75000	Indeed
Dataluma Cloud Technologies	Senior ETL Developer - Gesundheitsdaten	2026-11-16	interview	-	cv.pdf	-	Leipzig	64000	Stepstone
Elvion Informatik GmbH	Scientific Programmer - Automatisierung	2026-11-16	applied	-	cv.pdf	-	Halle (Saale)	65000	Stepstone
Kernova Research Systems	Senior Data Scientist - Web Applications	2026-11-16	applied	-	cv.pdf	-	Halle (Saale)	78000	Indeed
Lumetrix Cloud Technologies	Junior Computer Vision Engineer - Gesundheitsdaten	2026-11-16	rejected	-	cv.pdf	cover_letter.pdf	Magdeburg	40000	Stepstone
Lumetrix Digital Solutions	Biostatistiker*in	2026-11-16	rejected	-	cv.pdf	-	Halle (Saale)	68000	LinkedIn
Lumetrix Informatik GmbH	Senior Software Engineer	2026-11-16	applied	-	cv.pdf	-	Heidelberg	78000	Indeed
Nexovio Research Systems	Junior Genomics Data Scientist - Python und SQL	2026-11-16	rejected	-	cv.pdf	cover_letter.pdf	Leipzig	41000	Indeed
Orvanta Research Systems	Senior Data Scientist - Forschung und Entwicklung	2026-11-16	applied	-	cv.pdf	cover_letter.pdf	Leipzig	78000	Indeed
Belvora Software GmbH	Data Engineer - Cloud und Datenplattformen	2026-11-14	applied	-	cv.pdf	-	Leipzig	62000	LinkedIn
Dataluma Data Labs	Frontend Developer - Python und SQL	2026-11-14	offer	-	cv.pdf	cover_letter.pdf	Leipzig	44000	Stepstone
Fynora BioAnalytics	Data Engineer - Analytics	2026-11-13	applied	-	cv.pdf	-	Mainz	51000	Indeed
Aveniq Digital Solutions	Bioinformatiker*in - Gesundheitsdaten	2026-11-11	rejected	-	cv.pdf	-	Bonn	63000	Website
Cendrix Digital Solutions	Softwareentwickler*in Python - Gesundheitsdaten	2026-11-11	rejected	-	cv.pdf	-	Bitterfeld-Wolfen	61000	Indeed
Dataluma Data Labs	Senior Frontend Developer - Genomik	2026-11-11	rejected	-	cv.pdf	-	Leipzig	62000	LinkedIn
Heliqon Cloud Technologies	ETL Developer - Python und SQL	2026-11-11	interview	-	cv.pdf	-	Leipzig	60000	LinkedIn
Heliqon Informatik GmbH	Junior Software Engineer - Analytics	2026-11-11	applied	-	cv.pdf	-	Weißenfels	38000	Indeed
Lumetrix Cloud Technologies	Senior Frontend Developer - Analytics	2026-11-11	rejected	-	cv.pdf	-	Magdeburg	67000	Stepstone
Rheniq BioAnalytics	Junior Full Stack Developer - Python und SQL	2026-11-11	rejected	-	cv.pdf	-	Leipzig	51000	LinkedIn
Belvora BioAnalytics	Senior IT Consultant - Datenvisualisierung	2026-11-10	applied	-	cv.pdf	-	Halle (Saale)	75000	Stepstone
Elvion Software GmbH	Machine Learning Engineer - Analytics	2026-11-10	interview	-	cv.pdf	cover_letter.pdf	Halle (Saale)	67000	LinkedIn
Joventis Research Systems	Data Engineer - Web Applications	2026-11-10	applied	-	cv.pdf	-	Leipzig	65000	LinkedIn
Lumetrix BioAnalytics	Research Software Engineer - Cloud und Datenplattformen	2026-11-10	applied	-	cv.pdf	-	Magdeburg	44000	LinkedIn
Maventa Digital Solutions	Senior Cloud Engineer - Automatisierung	2026-11-10	interview	-	cv.pdf	cover_letter.pdf	Freiburg im Breisgau	63000	Stepstone
Nexovio BioAnalytics	Systems Engineer - Genomik	2026-11-10	rejected	-	cv.pdf	cover_letter.pdf	Leipzig	68000	Stepstone
Nexovio Data Labs	Junior Systems Engineer - Forschung und Entwicklung	2026-11-10	rejected	-	cv.pdf	cover_letter.pdf	Halle (Saale)	41000	Stepstone
Quantiva BioAnalytics	Junior MLOps Engineer - Automatisierung	2026-11-10	rejected	-	cv.pdf	-	Magdeburg	41000	Stepstone
Rheniq BioAnalytics	Junior Machine Learning Engineer - Analytics	2026-11-10	rejected	-	cv.pdf	-	Leipzig	46000	Indeed
Heliqon Research Systems	Junior Genomics Data Scientist	2026-11-09	rejected	-	cv.pdf	cover_letter.pdf	Leipzig	52000	Stepstone
Lumetrix Data Labs	Data Engineer - Genomik	2026-11-08	applied	-	cv.pdf	-	Halle (Saale)	55000	Indeed
Cendrix BioAnalytics	Biostatistiker*in - Analytics	2026-11-06	rejected	-	cv.pdf	-	Leipzig	61000	Indeed
Elvion IT Services	Web Developer - Genomik	2026-11-06	rejected	-	cv.pdf	-	Mannheim	70000	Stepstone
Heliqon Informatik GmbH	QA Automation Engineer	2026-11-06	rejected	-	cv.pdf	-	Weißenfels	62000	LinkedIn
Lumetrix Data Labs	Senior Computational Biologist	2026-11-06	rejected	-	cv.pdf	cover_letter.pdf	Halle (Saale)	60000	Stepstone
Nexovio Software GmbH	Junior Machine Learning Engineer - Cloud und Datenplattformen	2026-11-06	rejected	-	cv.pdf	-	Leipzig	45000	LinkedIn
Quantiva Cloud Technologies	Senior Backend Developer - Web Applications	2026-11-06	applied	-	cv.pdf	cover_letter.pdf	Berlin	63000	Website
Aveniq BioAnalytics	Junior Scientific Programmer	2026-11-05	applied	-	cv.pdf	-	Halle (Saale)	46000	Stepstone
Aveniq Data Labs	QA Automation Engineer - Analytics	2026-11-05	applied	-	cv.pdf	-	Naumburg (Saale)	65000	LinkedIn
Aveniq Research Systems	Computer Vision Engineer - Datenvisualisierung	2026-11-05	rejected	-	cv.pdf	-	Leipzig	58000	Website
Belvora Digital Solutions	Data Engineer - Datenvisualisierung	2026-11-05	applied	-	cv.pdf	-	Köthen (Anhalt)	66000	Jobware
Dataluma Informatik GmbH	Senior Application Developer - Gesundheitsdaten	2026-11-05	rejected	-	cv.pdf	-	Mainz	64000	LinkedIn
Elvion Software GmbH	Scientific Programmer - Datenvisualisierung	2026-11-05	rejected	-	cv.pdf	-	Halle (Saale)	59000	Stepstone
Pyrelis Data Labs	DevOps Engineer - Cloud und Datenplattformen	2026-11-05	rejected	-	cv.pdf	-	Schkeuditz	54000	Jobware
Quantiva BioAnalytics	Python Developer	2026-11-05	rejected	-	cv.pdf	-	Magdeburg	46000	Stepstone
Syntora Software GmbH	Senior Systems Engineer - Web Applications	2026-11-05	rejected	-	cv.pdf	-	Weißenfels	62000	Website
Elvion Digital Solutions	Research Software Engineer - Datenvisualisierung	2026-11-03	rejected	-	cv.pdf	-	Leipzig	67000	Stepstone
Pyrelis BioAnalytics	Machine Learning Engineer - Automatisierung	2026-11-01	rejected	-	cv.pdf	cover_letter.pdf	Leipzig	48000	Stepstone
Syntora Cloud Technologies	Junior ETL Developer - Datenvisualisierung	2026-11-01	interview	-	cv.pdf	-	Köthen (Anhalt)	36000	Stepstone
Maventa Research Systems	Senior Bioinformatiker*in - Genomik	2026-10-31	rejected	-	cv.pdf	-	Halle (Saale)	79000	Jobware
Nexovio Informatik GmbH	Senior Research Software Engineer - Datenvisualisierung	2026-10-31	interview	-	cv.pdf	-	Merseburg	71000	Website
Tavexis Digital Solutions	Junior Data Platform Engineer	2026-10-31	rejected	-	cv.pdf	cover_letter.pdf	Dortmund	31000	Indeed
Aveniq IT Services	Junior Computational Biologist	2026-10-29	applied	-	cv.pdf	-	Karlsruhe	41000	LinkedIn
Lumetrix IT Services	Bioinformatiker*in - Web Applications	2026-10-29	rejected	-	cv.pdf	-	Dresden	48000	Website
Syntora Cloud Technologies	Junior Data Analyst - Analytics	2026-10-29	rejected	-	cv.pdf	cover_letter.pdf	Köthen (Anhalt)	39000	Website
Belvora Cloud Technologies	Junior Application Developer - Python und SQL	2026-10-28	rejected	-	cv.pdf	cover_letter.pdf	Halle (Saale)	30000	LinkedIn
Cendrix Software GmbH	Data Analyst - Web Applications	2026-10-28	applied	-	cv.pdf	-	Darmstadt	58000	LinkedIn
Dataluma Cloud Technologies	Junior Scientific Programmer - Cloud und Datenplattformen	2026-10-28	applied	-	cv.pdf	-	Leipzig	41000	Website
Joventis Software GmbH	Scientific Programmer - Automatisierung	2026-10-28	rejected	-	cv.pdf	-	Dresden	61000	Website
Orvanta Software GmbH	Softwareentwickler*in Python - Python und SQL	2026-10-28	rejected	-	cv.pdf	cover_letter.pdf	Aachen	53000	LinkedIn
Quantiva IT Services	Junior Cloud Engineer - Datenvisualisierung	2026-10-28	rejected	-	cv.pdf	cover_letter.pdf	Bonn	51000	Stepstone
Joventis Cloud Technologies	Machine Learning Engineer - Python und SQL	2026-10-27	applied	-	cv.pdf	-	Köthen (Anhalt)	40000	Indeed
Dataluma Cloud Technologies	Application Developer - Web Applications	2026-10-24	rejected	-	cv.pdf	-	Leipzig	59000	Stepstone
Joventis Data Labs	Senior Business Intelligence Developer - Automatisierung	2026-10-24	applied	-	cv.pdf	cover_letter.pdf	Merseburg	75000	Website
Joventis Digital Solutions	Junior NLP Engineer - Web Applications	2026-10-24	rejected	-	cv.pdf	-	Leipzig	32000	LinkedIn
Pyrelis Cloud Technologies	QA Automation Engineer - Analytics	2026-10-24	interview	-	cv.pdf	-	Köthen (Anhalt)	53000	Website
Fynora Research Systems	Senior DevOps Engineer - Cloud und Datenplattformen	2026-10-23	rejected	-	cv.pdf	-	Rostock	74000	Indeed
Heliqon Informatik GmbH	Data Platform Engineer - Analytics	2026-10-23	rejected	-	cv.pdf	-	Weißenfels	49000	LinkedIn
Isovara Informatik GmbH	Data Engineer - Gesundheitsdaten	2026-10-23	rejected	-	cv.pdf	cover_letter.pdf	Naumburg (Saale)	46000	Indeed
Cendrix Cloud Technologies	ETL Developer - Web Applications	2026-10-22	rejected	-	cv.pdf	-	Merseburg	57000	Website
Fynora Digital Solutions	Junior Data Analyst	2026-10-22	rejected	-	cv.pdf	-	Bremen	48000	Indeed
Joventis Data Labs	ETL Developer - Datenvisualisierung	2026-10-22	interview	-	cv.pdf	cover_letter.pdf	Merseburg	70000	LinkedIn
Elvion Cloud Technologies	Bioinformatiker*in - Cloud und Datenplattformen	2026-10-21	rejected	-	cv.pdf	-	Halle (Saale)	69000	Stepstone
Fynora BioAnalytics	Cloud Engineer - Python und SQL	2026-10-21	interview	-	cv.pdf	-	Mainz	42000	Stepstone
Joventis Data Labs	Junior AI Engineer - Analytics	2026-10-21	applied	-	cv.pdf	-	Merseburg	48000	LinkedIn
Lumetrix Research Systems	Junior DevOps Engineer - Web Applications	2026-10-21	rejected	-	cv.pdf	-	Magdeburg	48000	Indeed
Quantiva Software GmbH	Senior Computer Vision Engineer - Python und SQL	2026-10-21	applied	-	cv.pdf	cover_letter.pdf	Leipzig	65000	Indeed
Aveniq IT Services	Application Developer - Python und SQL	2026-10-20	applied	-	cv.pdf	cover_letter.pdf	Karlsruhe	54000	Website
Cendrix Software GmbH	Data Analyst - Genomik	2026-10-20	rejected	-	cv.pdf	-	Darmstadt	62000	Stepstone
Elvion Informatik GmbH	Computational Biologist - Forschung und Entwicklung	2026-10-20	applied	-	cv.pdf	-	Halle (Saale)	57000	LinkedIn
Fynora Cloud Technologies	Softwareentwickler*in Python - Gesundheitsdaten	2026-10-20	applied	-	cv.pdf	-	Bonn	45000	Indeed
Heliqon Digital Solutions	Cloud Engineer - Cloud und Datenplattformen	2026-10-20	applied	-	cv.pdf	-	Halle (Saale)	61000	LinkedIn
Kernova Data Labs	Junior Cloud Engineer - Automatisierung	2026-10-20	rejected	-	cv.pdf	cover_letter.pdf	Magdeburg	47000	Website
Lumetrix Research Systems	Full Stack Developer - Datenvisualisierung	2026-10-20	offer	-	cv.pdf	cover_letter.pdf	Magdeburg	57000	Indeed
Rheniq Research Systems	Junior Full Stack Developer - Cloud und Datenplattformen	2026-10-20	applied	-	cv.pdf	-	Naumburg (Saale)	37000	Indeed
Tavexis BioAnalytics	DevOps Engineer - Forschung und Entwicklung	2026-10-20	applied	-	cv.pdf	-	Bremen	64000	Stepstone
Tavexis Informatik GmbH	Data Scientist - Analytics	2026-10-20	applied	-	cv.pdf	-	Dresden	63000	Stepstone
Tavexis Software GmbH	Softwareentwickler*in Python - Web Applications	2026-10-20	rejected	-	cv.pdf	-	Leipzig	57000	Indeed
Cendrix IT Services	Senior Systems Engineer - Datenvisualisierung	2026-10-19	applied	-	cv.pdf	-	Leipzig	78000	Indeed
Dataluma Cloud Technologies	Backend Developer - Analytics	2026-10-19	rejected	-	cv.pdf	cover_letter.pdf	Leipzig	58000	Indeed
Dataluma Digital Solutions	Junior Biostatistiker*in - Python und SQL	2026-10-19	interview	-	cv.pdf	-	Leipzig	41000	Stepstone
Elvion Digital Solutions	Junior Data Engineer - Datenvisualisierung	2026-10-19	applied	-	cv.pdf	-	Leipzig	38000	Indeed
Isovara BioAnalytics	Junior Genomics Data Scientist - Genomik	2026-10-19	rejected	-	cv.pdf	-	Leipzig	37000	LinkedIn
Isovara IT Services	Cloud Engineer - Genomik	2026-10-19	applied	-	cv.pdf	cover_letter.pdf	Halle (Saale)	61000	LinkedIn
Joventis Research Systems	Junior NLP Engineer - Web Applications	2026-10-19	applied	-	cv.pdf	cover_letter.pdf	Leipzig	46000	Indeed
Pyrelis Cloud Technologies	NLP Engineer - Automatisierung	2026-10-19	rejected	-	cv.pdf	-	Köthen (Anhalt)	57000	Stepstone
Heliqon BioAnalytics	Junior Data Platform Engineer	2026-10-18	interview	-	cv.pdf	-	Merseburg	50000	Indeed
Joventis BioAnalytics	Data Scientist - Python und SQL	2026-10-18	rejected	-	cv.pdf	cover_letter.pdf	Merseburg	51000	Website
Maventa Data Labs	QA Automation Engineer - Analytics	2026-10-18	applied	-	cv.pdf	-	Merseburg	45000	Jobware
Maventa Informatik GmbH	Linux Systemadministrator*in	2026-10-18	rejected	-	cv.pdf	-	Darmstadt	72000	Indeed
Orvanta IT Services	Data Analyst - Automatisierung	2026-10-18	offer	-	cv.pdf	-	Köthen (Anhalt)	47000	Indeed
Quantiva Informatik GmbH	Systems Engineer - Web Applications	2026-10-18	applied	-	cv.pdf	-	Jena	47000	Stepstone
Aveniq Cloud Technologies	Machine Learning Engineer - Gesundheitsdaten	2026-10-14	applied	-	cv.pdf	-	Halle (Saale)	51000	Indeed
Aveniq IT Services	Senior Software Engineer - Analytics	2026-10-14	offer	-	cv.pdf	-	Karlsruhe	61000	LinkedIn
Belvora Digital Solutions	Senior Linux Systemadministrator*in - Cloud und Datenplattformen	2026-10-14	rejected	-	cv.pdf	cover_letter.pdf	Köthen (Anhalt)	80000	Stepstone
Belvora Informatik GmbH	Bioinformatiker*in - Python und SQL	2026-10-14	applied	-	cv.pdf	-	Dessau-Roßlau	44000	LinkedIn
Belvora IT Services	Business Intelligence Developer - Python und SQL	2026-10-14	interview	-	cv.pdf	-	Merseburg	49000	Jobware
Joventis BioAnalytics	Data Platform Engineer - Cloud und Datenplattformen	2026-10-14	offer	-	cv.pdf	cover_letter.pdf	Merseburg	62000	Stepstone
Kernova Data Labs	Junior Full Stack Developer - Gesundheitsdaten	2026-10-14	rejected	-	cv.pdf	-	Magdeburg	39000	Stepstone
Orvanta Cloud Technologies	Software Engineer - Genomik	2026-10-14	applied	-	cv.pdf	cover_letter.pdf	Tübingen	68000	Indeed
Orvanta IT Services	Cloud Engineer - Analytics	2026-10-14	applied	-	cv.pdf	cover_letter.pdf	Köthen (Anhalt)	52000	Stepstone
Orvanta Research Systems	Data Scientist - Gesundheitsdaten	2026-10-14	rejected	-	cv.pdf	-	Leipzig	49000	Indeed
Tavexis Research Systems	Senior Data Analyst - Automatisierung	2026-10-14	applied	-	cv.pdf	cover_letter.pdf	Chemnitz	63000	LinkedIn
Kernova Cloud Technologies	Python Developer - Automatisierung	2026-10-13	interview	-	cv.pdf	-	Weißenfels	57000	LinkedIn
Quantiva Cloud Technologies	Junior Systems Engineer - Cloud und Datenplattformen	2026-10-13	interview	-	cv.pdf	-	Berlin	46000	LinkedIn
Maventa IT Services	Cloud Engineer - Gesundheitsdaten	2026-10-11	rejected	-	cv.pdf	-	Freiburg im Breisgau	67000	LinkedIn
Cendrix Research Systems	Junior Bioinformatiker*in - Python und SQL	2026-10-10	rejected	-	cv.pdf	-	Frankfurt am Main	40000	LinkedIn
Maventa Data Labs	Data Scientist - Genomik	2026-10-10	applied	-	cv.pdf	cover_letter.pdf	Merseburg	43000	Indeed
Pyrelis IT Services	Bioinformatiker*in - Datenvisualisierung	2026-10-10	applied	-	cv.pdf	cover_letter.pdf	Dessau-Roßlau	63000	LinkedIn
Maventa Software GmbH	Linux Systemadministrator*in - Genomik	2026-10-07	rejected	-	cv.pdf	-	Erfurt	53000	Indeed
Aveniq Research Systems	Junior Computer Vision Engineer - Web Applications	2026-10-06	applied	-	cv.pdf	-	Leipzig	31000	Jobware
Belvora Research Systems	Data Engineer - Forschung und Entwicklung	2026-10-06	rejected	-	cv.pdf	-	Stuttgart	70000	Stepstone
Dataluma Informatik GmbH	Full Stack Developer - Datenvisualisierung	2026-10-06	applied	-	cv.pdf	cover_letter.pdf	Mainz	47000	LinkedIn
Elvion BioAnalytics	Junior Data Scientist - Gesundheitsdaten	2026-10-06	rejected	-	cv.pdf	cover_letter.pdf	Leipzig	31000	Jobware
Elvion Data Labs	IT Consultant - Analytics	2026-10-06	rejected	-	cv.pdf	cover_letter.pdf	Schkeuditz	60000	Stepstone
Genovex Cloud Technologies	Junior Scientific Programmer - Gesundheitsdaten	2026-10-06	applied	-	cv.pdf	cover_letter.pdf	Merseburg	39000	Indeed
Genovex Digital Solutions	Junior Data Platform Engineer - Cloud und Datenplattformen	2026-10-06	rejected	-	cv.pdf	-	Chemnitz	37000	LinkedIn
Kernova Software GmbH	Senior Scientific Programmer - Python und SQL	2026-10-06	rejected	-	cv.pdf	-	Magdeburg	64000	LinkedIn
Nexovio BioAnalytics	Python Developer - Datenvisualisierung	2026-10-06	applied	-	cv.pdf	cover_letter.pdf	Leipzig	40000	Website
Orvanta Digital Solutions	Machine Learning Engineer - Web Applications	2026-10-06	applied	-	cv.pdf	-	Tübingen	44000	Indeed
Pyrelis BioAnalytics	Data Engineer - Cloud und Datenplattformen	2026-10-06	interview	-	cv.pdf	-	Leipzig	63000	Stepstone
Pyrelis Software GmbH	Senior Computational Biologist - Genomik	2026-10-06	applied	-	cv.pdf	-	Hannover	74000	Jobware
Quantiva Cloud Technologies	Senior Full Stack Developer - Automatisierung	2026-10-06	rejected	-	cv.pdf	-	Berlin	78000	Website
Rheniq Cloud Technologies	Application Developer	2026-10-06	rejected	-	cv.pdf	cover_letter.pdf	Erfurt	59000	Website
Tavexis Digital Solutions	Junior MLOps Engineer - Datenvisualisierung	2026-10-06	rejected	-	cv.pdf	-	Dortmund	44000	Stepstone
Belvora Cloud Technologies	Genomics Data Scientist - Web Applications	2026-10-05	rejected	-	cv.pdf	cover_letter.pdf	Halle (Saale)	43000	Stepstone
Belvora Digital Solutions	Junior Full Stack Developer - Datenvisualisierung	2026-10-05	rejected	-	cv.pdf	-	Köthen (Anhalt)	47000	Indeed
Dataluma Software GmbH	Backend Developer - Gesundheitsdaten	2026-10-05	rejected	-	cv.pdf	-	Halle (Saale)	42000	LinkedIn
Elvion Informatik GmbH	Junior DevOps Engineer - Web Applications	2026-10-05	rejected	-	cv.pdf	-	Halle (Saale)	46000	other
Fynora Research Systems	Junior QA Automation Engineer - Web Applications	2026-10-05	rejected	-	cv.pdf	-	Rostock	42000	LinkedIn
Fynora Software GmbH	IT Consultant - Genomik	2026-10-05	interview	-	cv.pdf	-	Halle (Saale)	52000	Jobware
Joventis Research Systems	Junior ETL Developer - Genomik	2026-10-05	rejected	-	cv.pdf	-	Leipzig	45000	Website
Lumetrix Software GmbH	Scientific Programmer - Automatisierung	2026-10-05	applied	-	cv.pdf	-	München	43000	Website
Maventa Data Labs	Computer Vision Engineer - Analytics	2026-10-05	rejected	-	cv.pdf	-	Merseburg	71000	LinkedIn
Pyrelis Informatik GmbH	Data Scientist - Python und SQL	2026-10-05	rejected	-	cv.pdf	-	Jena	54000	LinkedIn
Quantiva Cloud Technologies	Softwareentwickler*in Python - Python und SQL	2026-10-05	offer	-	cv.pdf	-	Berlin	59000	Indeed
Quantiva Digital Solutions	Junior QA Automation Engineer - Gesundheitsdaten	2026-10-05	applied	-	cv.pdf	cover_letter.pdf	Halle (Saale)	41000	Stepstone
Syntora Digital Solutions	Softwareentwickler*in Python - Cloud und Datenplattformen	2026-10-05	interview	-	cv.pdf	-	Bernburg (Saale)	66000	LinkedIn
Tavexis Software GmbH	Genomics Data Scientist - Forschung und Entwicklung	2026-10-05	applied	-	cv.pdf	-	Leipzig	65000	Indeed
Lumetrix BioAnalytics	Biostatistiker*in - Analytics	2026-10-04	rejected	-	cv.pdf	-	Magdeburg	53000	Indeed
Aveniq Cloud Technologies	Scientific Programmer - Gesundheitsdaten	2026-10-03	applied	-	cv.pdf	-	Halle (Saale)	65000	Indeed
Elvion Informatik GmbH	Senior Python Developer - Automatisierung	2026-10-03	rejected	-	cv.pdf	cover_letter.pdf	Halle (Saale)	79000	Indeed
Belvora Data Labs	Scientific Programmer - Datenvisualisierung	2026-10-02	interview	-	cv.pdf	-	Jena	57000	Indeed
Dataluma Research Systems	Systems Engineer - Python und SQL	2026-10-02	rejected	-	cv.pdf	cover_letter.pdf	Halle (Saale)	62000	Stepstone
Elvion BioAnalytics	Research Software Engineer - Forschung und Entwicklung	2026-10-02	rejected	-	cv.pdf	-	Leipzig	41000	LinkedIn
Fynora Digital Solutions	Web Developer - Gesundheitsdaten	2026-10-02	rejected	-	cv.pdf	-	Bremen	53000	Indeed
Fynora Informatik GmbH	Frontend Developer - Genomik	2026-10-02	applied	-	cv.pdf	-	Köln	62000	LinkedIn
Fynora Informatik GmbH	Cloud Engineer - Genomik	2026-10-02	rejected	-	cv.pdf	-	Köln	55000	Indeed
Kernova BioAnalytics	Systems Engineer - Forschung und Entwicklung	2026-10-02	applied	-	cv.pdf	cover_letter.pdf	Köln	56000	LinkedIn
Lumetrix Digital Solutions	Senior Full Stack Developer - Cloud und Datenplattformen	2026-10-02	applied	-	cv.pdf	-	Halle (Saale)	66000	LinkedIn
Pyrelis Digital Solutions	Computational Biologist - Automatisierung	2026-10-02	interview	-	cv.pdf	-	Leipzig	60000	LinkedIn
Quantiva BioAnalytics	Senior Scientific Programmer - Analytics	2026-10-02	applied	-	cv.pdf	cover_letter.pdf	Magdeburg	68000	Website
Syntora Data Labs	Linux Systemadministrator*in - Forschung und Entwicklung	2026-10-02	rejected	-	cv.pdf	cover_letter.pdf	Leipzig	62000	LinkedIn
Tavexis Software GmbH	Senior Research Software Engineer - Analytics	2026-10-02	applied	-	cv.pdf	-	Leipzig	65000	LinkedIn
Dataluma BioAnalytics	Cloud Engineer - Python und SQL	2026-09-30	rejected	-	cv.pdf	-	Potsdam	45000	Stepstone
Aveniq Data Labs	Genomics Data Scientist - Genomik	2026-09-28	rejected	-	cv.pdf	-	Naumburg (Saale)	52000	LinkedIn
Dataluma IT Services	Full Stack Developer - Datenvisualisierung	2026-09-28	rejected	-	cv.pdf	-	Dessau-Roßlau	67000	Indeed
Joventis Digital Solutions	ETL Developer	2026-09-28	applied	-	cv.pdf	-	Leipzig	47000	Indeed
Maventa Cloud Technologies	Datenbankentwickler*in - Web Applications	2026-09-28	offer	-	cv.pdf	cover_letter.pdf	Bernburg (Saale)	46000	LinkedIn
Maventa Software GmbH	Senior ETL Developer - Datenvisualisierung	2026-09-28	applied	-	cv.pdf	cover_letter.pdf	Erfurt	78000	Stepstone
Nexovio Data Labs	NLP Engineer - Automatisierung	2026-09-28	applied	-	cv.pdf	-	Halle (Saale)	45000	Jobware
Nexovio Digital Solutions	Senior Frontend Developer - Analytics	2026-09-28	rejected	-	cv.pdf	-	Halle (Saale)	69000	Stepstone
Nexovio Digital Solutions	Senior Linux Systemadministrator*in - Cloud und Datenplattformen	2026-09-28	applied	-	cv.pdf	cover_letter.pdf	Halle (Saale)	61000	Website
Quantiva Data Labs	QA Automation Engineer - Datenvisualisierung	2026-09-28	rejected	-	cv.pdf	-	Halle (Saale)	55000	LinkedIn
Quantiva Digital Solutions	Junior Web Developer - Automatisierung	2026-09-28	applied	-	cv.pdf	-	Halle (Saale)	48000	LinkedIn
Quantiva Informatik GmbH	Junior Application Developer - Datenvisualisierung	2026-09-28	rejected	-	cv.pdf	-	Jena	48000	Stepstone
Syntora IT Services	Senior Computer Vision Engineer - Forschung und Entwicklung	2026-09-28	applied	-	cv.pdf	-	Göttingen	76000	LinkedIn
Tavexis Research Systems	Application Developer	2026-09-28	applied	-	cv.pdf	cover_letter.pdf	Chemnitz	72000	Indeed
Aveniq Research Systems	Senior IT Consultant - Gesundheitsdaten	2026-09-27	rejected	-	cv.pdf	-	Leipzig	60000	Stepstone
Lumetrix Cloud Technologies	Datenbankentwickler*in - Python und SQL	2026-09-25	applied	-	cv.pdf	-	Magdeburg	67000	LinkedIn
Aveniq Software GmbH	Linux Systemadministrator*in	2026-09-24	rejected	-	cv.pdf	cover_letter.pdf	Naumburg (Saale)	66000	Indeed
Belvora IT Services	DevOps Engineer - Web Applications	2026-09-24	rejected	-	cv.pdf	-	Merseburg	69000	Stepstone
Cendrix IT Services	Full Stack Developer - Automatisierung	2026-09-24	rejected	-	cv.pdf	-	Leipzig	62000	Stepstone
Dataluma Data Labs	Data Analyst - Automatisierung	2026-09-24	rejected	-	cv.pdf	-	Leipzig	61000	Website
Heliqon Digital Solutions	Python Developer - Python und SQL	2026-09-24	applied	-	cv.pdf	-	Halle (Saale)	40000	Jobware
Kernova Software GmbH	Junior AI Engineer - Automatisierung	2026-09-24	rejected	-	cv.pdf	cover_letter.pdf	Magdeburg	47000	Stepstone
Lumetrix Software GmbH	Senior Datenbankentwickler*in - Datenvisualisierung	2026-09-24	rejected	-	cv.pdf	cover_letter.pdf	München	64000	Indeed
Syntora Research Systems	Senior IT Consultant - Analytics	2026-09-24	rejected	-	cv.pdf	-	Dresden	62000	LinkedIn
Tavexis Digital Solutions	Genomics Data Scientist - Datenvisualisierung	2026-09-24	applied	-	cv.pdf	cover_letter.pdf	Dortmund	72000	Website
Rheniq Research Systems	Web Developer - Genomik	2026-09-23	interview	-	cv.pdf	-	Naumburg (Saale)	54000	Indeed
Aveniq Digital Solutions	ETL Developer - Analytics	2026-09-22	rejected	-	cv.pdf	-	Bonn	67000	Stepstone
Fynora Research Systems	Junior NLP Engineer - Genomik	2026-09-22	rejected	-	cv.pdf	cover_letter.pdf	Rostock	37000	LinkedIn
Heliqon BioAnalytics	Junior ETL Developer - Cloud und Datenplattformen	2026-09-22	applied	-	cv.pdf	-	Merseburg	41000	LinkedIn
Joventis Data Labs	Junior Business Intelligence Developer - Forschung und Entwicklung	2026-09-22	applied	-	cv.pdf	-	Merseburg	47000	LinkedIn
Joventis Software GmbH	Machine Learning Engineer - Gesundheitsdaten	2026-09-22	applied	-	cv.pdf	-	Dresden	42000	LinkedIn
Kernova Informatik GmbH	Data Analyst - Analytics	2026-09-22	rejected	-	cv.pdf	cover_letter.pdf	Köthen (Anhalt)	52000	Indeed
Lumetrix Research Systems	Data Platform Engineer - Web Applications	2026-09-22	applied	-	cv.pdf	cover_letter.pdf	Magdeburg	70000	Indeed
Lumetrix Research Systems	Junior Data Analyst - Datenvisualisierung	2026-09-22	applied	-	cv.pdf	-	Magdeburg	34000	LinkedIn
Orvanta Software GmbH	Junior Python Developer - Forschung und Entwicklung	2026-09-22	interview	-	cv.pdf	-	Aachen	46000	Stepstone
Pyrelis Software GmbH	Computational Biologist - Forschung und Entwicklung	2026-09-22	interview	-	cv.pdf	cover_letter.pdf	Hannover	66000	Jobware
Rheniq Software GmbH	QA Automation Engineer - Cloud und Datenplattformen	2026-09-22	applied	-	cv.pdf	-	Darmstadt	56000	Stepstone
Tavexis Informatik GmbH	DevOps Engineer - Genomik	2026-09-22	interview	-	cv.pdf	-	Dresden	43000	Stepstone
Fynora Data Labs	Junior Full Stack Developer - Python und SQL	2026-09-21	rejected	-	cv.pdf	-	Bernburg (Saale)	52000	Indeed
Genovex Digital Solutions	Data Scientist - Automatisierung	2026-09-21	interview	-	cv.pdf	-	Chemnitz	54000	Stepstone
Joventis BioAnalytics	Junior Bioinformatiker*in - Forschung und Entwicklung	2026-09-20	applied	-	cv.pdf	-	Merseburg	51000	LinkedIn
Joventis Informatik GmbH	NLP Engineer - Web Applications	2026-09-20	rejected	-	cv.pdf	-	Jena	56000	Website
Nexovio Digital Solutions	Junior Systems Engineer - Web Applications	2026-09-20	rejected	-	cv.pdf	cover_letter.pdf	Halle (Saale)	33000	Website
Rheniq Data Labs	Senior Linux Systemadministrator*in - Python und SQL	2026-09-20	applied	-	cv.pdf	-	Karlsruhe	79000	Indeed
Aveniq BioAnalytics	QA Automation Engineer - Forschung und Entwicklung	2026-09-18	applied	-	cv.pdf	-	Halle (Saale)	50000	LinkedIn
Heliqon Cloud Technologies	Junior Scientific Programmer - Automatisierung	2026-09-18	applied	-	cv.pdf	cover_letter.pdf	Leipzig	38000	Indeed
Nexovio Research Systems	Frontend Developer - Gesundheitsdaten	2026-09-18	rejected	-	cv.pdf	-	Leipzig	48000	LinkedIn
Rheniq Cloud Technologies	Junior Software Engineer - Datenvisualisierung	2026-09-18	rejected	-	cv.pdf	-	Erfurt	47000	Jobware
Syntora Research Systems	Python Developer - Analytics	2026-09-18	rejected	-	cv.pdf	cover_letter.pdf	Dresden	60000	Indeed
Aveniq Digital Solutions	Data Scientist - Datenvisualisierung	2026-09-08	rejected	-	cv.pdf	-	Bonn	63000	Website
Elvion IT Services	Junior Linux Systemadministrator*in - Gesundheitsdaten	2026-09-08	applied	-	cv.pdf	-	Mannheim	52000	Website
Joventis IT Services	Junior NLP Engineer - Analytics	2026-09-08	rejected	-	cv.pdf	-	Rostock	31000	Indeed
Maventa Software GmbH	Junior Data Scientist - Cloud und Datenplattformen	2026-09-08	applied	-	cv.pdf	cover_letter.pdf	Erfurt	49000	Stepstone
Belvora IT Services	Junior Computer Vision Engineer - Gesundheitsdaten	2026-09-07	rejected	-	cv.pdf	-	Merseburg	42000	Indeed
Dataluma IT Services	Bioinformatiker*in - Analytics	2026-09-07	applied	-	cv.pdf	cover_letter.pdf	Dessau-Roßlau	46000	Stepstone
Elvion Cloud Technologies	Junior Full Stack Developer - Forschung und Entwicklung	2026-09-07	applied	-	cv.pdf	-	Halle (Saale)	47000	LinkedIn
Genovex Software GmbH	Research Software Engineer - Gesundheitsdaten	2026-09-07	applied	-	cv.pdf	cover_letter.pdf	Jena	45000	Stepstone
Lumetrix IT Services	Datenbankentwickler*in - Forschung und Entwicklung	2026-09-07	applied	-	cv.pdf	cover_letter.pdf	Dresden	44000	Indeed
Maventa Informatik GmbH	Backend Developer - Cloud und Datenplattformen	2026-09-07	applied	-	cv.pdf	-	Darmstadt	54000	Stepstone
Nexovio Digital Solutions	Senior Python Developer	2026-09-07	applied	-	cv.pdf	-	Halle (Saale)	69000	Website
Orvanta Data Labs	Junior Systems Engineer - Analytics	2026-09-07	applied	-	cv.pdf	-	Lübeck	49000	LinkedIn
Orvanta Informatik GmbH	Senior Genomics Data Scientist - Automatisierung	2026-09-07	applied	-	cv.pdf	-	Leipzig	64000	LinkedIn
Orvanta Research Systems	Frontend Developer - Genomik	2026-09-07	interview	-	cv.pdf	cover_letter.pdf	Leipzig	44000	LinkedIn
Pyrelis Cloud Technologies	Junior NLP Engineer - Gesundheitsdaten	2026-09-07	rejected	-	cv.pdf	-	Köthen (Anhalt)	32000	LinkedIn
Syntora IT Services	Application Developer - Gesundheitsdaten	2026-09-07	interview	-	cv.pdf	-	Göttingen	48000	Website
Elvion Software GmbH	Application Developer - Automatisierung	2026-09-01	applied	-	cv.pdf	cover_letter.pdf	Halle (Saale)	44000	Indeed
Heliqon Informatik GmbH	Softwareentwickler*in Python - Cloud und Datenplattformen	2026-09-01	rejected	-	cv.pdf	-	Weißenfels	70000	LinkedIn
Nexovio Informatik GmbH	Backend Developer - Cloud und Datenplattformen	2026-09-01	interview	-	cv.pdf	cover_letter.pdf	Merseburg	43000	LinkedIn
Orvanta Cloud Technologies	Application Developer	2026-09-01	applied	-	cv.pdf	-	Tübingen	52000	LinkedIn
Rheniq Data Labs	Cloud Engineer - Analytics	2026-09-01	rejected	-	cv.pdf	-	Karlsruhe	70000	Indeed
Heliqon BioAnalytics	Backend Developer - Automatisierung	2026-08-28	applied	-	cv.pdf	cover_letter.pdf	Merseburg	65000	Website
Isovara Cloud Technologies	Junior IT Consultant - Cloud und Datenplattformen	2026-08-28	rejected	-	cv.pdf	-	Halle (Saale)	37000	Indeed
Joventis Cloud Technologies	Backend Developer - Datenvisualisierung	2026-08-28	rejected	-	cv.pdf	cover_letter.pdf	Köthen (Anhalt)	57000	Website
Tavexis Data Labs	Backend Developer - Python und SQL	2026-08-28	rejected	-	cv.pdf	-	Leipzig	45000	Website
Isovara Research Systems	Junior MLOps Engineer - Web Applications	2026-08-27	applied	-	cv.pdf	-	Regensburg	46000	LinkedIn
Joventis Cloud Technologies	Senior Python Developer - Genomik	2026-08-27	applied	-	cv.pdf	-	Köthen (Anhalt)	68000	Indeed
Rheniq Digital Solutions	Linux Systemadministrator*in - Gesundheitsdaten	2026-08-27	applied	-	cv.pdf	-	Leipzig	71000	Stepstone
Kernova Data Labs	MLOps Engineer - Forschung und Entwicklung	2026-08-26	rejected	-	cv.pdf	-	Magdeburg	51000	Website
Lumetrix IT Services	Senior Genomics Data Scientist - Cloud und Datenplattformen	2026-08-26	interview	-	cv.pdf	cover_letter.pdf	Dresden	78000	Website
Maventa Digital Solutions	Junior Web Developer - Automatisierung	2026-08-26	rejected	-	cv.pdf	-	Freiburg im Breisgau	41000	Indeed
Syntora IT Services	Junior MLOps Engineer - Analytics	2026-08-26	rejected	-	cv.pdf	-	Göttingen	42000	Stepstone
Genovex Digital Solutions	Frontend Developer - Gesundheitsdaten	2026-08-25	rejected	-	cv.pdf	-	Chemnitz	51000	Stepstone
Kernova BioAnalytics	Junior NLP Engineer	2026-08-25	applied	-	cv.pdf	cover_letter.pdf	Köln	51000	Stepstone
Kernova Software GmbH	Computational Biologist - Python und SQL	2026-08-25	interview	-	cv.pdf	cover_letter.pdf	Magdeburg	44000	Stepstone
Maventa Cloud Technologies	Systems Engineer - Analytics	2026-08-25	rejected	-	cv.pdf	-	Bernburg (Saale)	69000	Website
Maventa Informatik GmbH	Business Intelligence Developer - Cloud und Datenplattformen	2026-08-25	interview	-	cv.pdf	-	Darmstadt	43000	LinkedIn
Syntora Data Labs	Junior Application Developer - Genomik	2026-08-25	applied	-	cv.pdf	cover_letter.pdf	Leipzig	31000	Website
Genovex Research Systems	Senior Python Developer	2026-08-24	applied	-	cv.pdf	-	Dessau-Roßlau	60000	Website
Aveniq IT Services	Research Software Engineer - Python und SQL	2026-08-22	applied	-	cv.pdf	-	Karlsruhe	46000	Website
Dataluma IT Services	Bioinformatiker*in - Web Applications	2026-08-22	rejected	-	cv.pdf	-	Dessau-Roßlau	67000	Stepstone
Genovex Research Systems	Senior Scientific Programmer - Python und SQL	2026-08-22	rejected	-	cv.pdf	-	Dessau-Roßlau	77000	Indeed
Nexovio BioAnalytics	Frontend Developer - Automatisierung	2026-08-22	rejected	-	cv.pdf	-	Leipzig	58000	Stepstone
Quantiva Research Systems	Data Scientist - Datenvisualisierung	2026-08-22	applied	-	cv.pdf	cover_letter.pdf	Merseburg	50000	LinkedIn
Belvora IT Services	Research Software Engineer - Cloud und Datenplattformen	2026-08-21	applied	-	cv.pdf	cover_letter.pdf	Merseburg	53000	Indeed
Cendrix Digital Solutions	Backend Developer - Python und SQL	2026-08-21	rejected	-	cv.pdf	cover_letter.pdf	Bitterfeld-Wolfen	43000	Stepstone
Dataluma IT Services	NLP Engineer - Automatisierung	2026-08-21	applied	-	cv.pdf	-	Dessau-Roßlau	42000	Jobware
Orvanta Software GmbH	Web Developer - Datenvisualisierung	2026-08-21	rejected	-	cv.pdf	cover_letter.pdf	Aachen	70000	Stepstone
Quantiva Digital Solutions	Data Scientist - Genomik	2026-08-21	applied	-	cv.pdf	cover_letter.pdf	Halle (Saale)	40000	Indeed
Rheniq IT Services	Computational Biologist - Analytics	2026-08-21	rejected	-	cv.pdf	-	Bonn	68000	Stepstone
Dataluma Informatik GmbH	Linux Systemadministrator*in - Genomik	2026-08-19	rejected	-	cv.pdf	-	Mainz	63000	Stepstone
Joventis Software GmbH	Senior Research Software Engineer - Python und SQL	2026-08-19	hired	-	cv.pdf	cover_letter.pdf	Dresden	73000	LinkedIn
Kernova BioAnalytics	Datenbankentwickler*in - Genomik	2026-08-19	rejected	-	cv.pdf	-	Köln	55000	Website
Lumetrix IT Services	Scientific Programmer - Analytics	2026-08-19	offer	-	cv.pdf	-	Dresden	56000	LinkedIn
Orvanta BioAnalytics	Datenbankentwickler*in - Python und SQL	2026-08-19	applied	-	cv.pdf	cover_letter.pdf	Leipzig	50000	Indeed
Aveniq Informatik GmbH	Frontend Developer - Automatisierung	2026-08-18	rejected	-	cv.pdf	-	Dessau-Roßlau	48000	LinkedIn
Belvora Research Systems	Junior Computer Vision Engineer - Datenvisualisierung	2026-08-17	rejected	-	cv.pdf	-	Stuttgart	47000	Stepstone
Dataluma Research Systems	ETL Developer - Analytics	2026-08-17	rejected	-	cv.pdf	-	Halle (Saale)	65000	Jobware
Fynora Software GmbH	Bioinformatiker*in	2026-08-17	rejected	-	cv.pdf	-	Halle (Saale)	68000	Indeed
Nexovio Cloud Technologies	Junior Data Analyst - Forschung und Entwicklung	2026-08-17	applied	-	cv.pdf	-	Leipzig	36000	Indeed
Nexovio Digital Solutions	Senior Web Developer	2026-08-17	applied	-	cv.pdf	-	Halle (Saale)	71000	Website
Rheniq IT Services	Biostatistiker*in	2026-08-17	applied	-	cv.pdf	-	Bonn	68000	Jobware
Elvion Research Systems	Biostatistiker*in - Web Applications	2026-08-15	rejected	-	cv.pdf	cover_letter.pdf	Halle (Saale)	71000	Indeed
Isovara Research Systems	Junior Systems Engineer - Forschung und Entwicklung	2026-08-15	rejected	-	cv.pdf	cover_letter.pdf	Regensburg	35000	Indeed
Lumetrix Data Labs	Genomics Data Scientist - Forschung und Entwicklung	2026-08-15	rejected	-	cv.pdf	-	Halle (Saale)	59000	Website
Pyrelis Digital Solutions	NLP Engineer - Gesundheitsdaten	2026-08-15	rejected	-	cv.pdf	-	Leipzig	60000	LinkedIn
Aveniq Cloud Technologies	Web Developer - Genomik	2026-08-14	applied	-	cv.pdf	cover_letter.pdf	Halle (Saale)	69000	LinkedIn
Fynora IT Services	Senior Bioinformatiker*in - Genomik	2026-08-14	rejected	-	cv.pdf	-	Regensburg	76000	LinkedIn
Kernova IT Services	Senior Data Analyst - Datenvisualisierung	2026-08-14	applied	-	cv.pdf	cover_letter.pdf	Leipzig	60000	LinkedIn
Kernova Research Systems	Data Engineer - Cloud und Datenplattformen	2026-08-14	rejected	-	cv.pdf	cover_letter.pdf	Halle (Saale)	43000	LinkedIn
Maventa IT Services	Datenbankentwickler*in - Cloud und Datenplattformen	2026-08-14	rejected	-	cv.pdf	cover_letter.pdf	Freiburg im Breisgau	51000	Stepstone
Nexovio Software GmbH	Junior NLP Engineer - Genomik	2026-08-14	rejected	-	cv.pdf	-	Leipzig	36000	LinkedIn
Orvanta BioAnalytics	Junior Systems Engineer - Genomik	2026-08-14	rejected	-	cv.pdf	cover_letter.pdf	Leipzig	41000	Indeed
Orvanta Cloud Technologies	Junior QA Automation Engineer - Python und SQL	2026-08-14	rejected	-	cv.pdf	-	Tübingen	33000	Stepstone
Dataluma IT Services	Senior Data Platform Engineer - Web Applications	2026-08-13	offer	-	cv.pdf	cover_letter.pdf	Dessau-Roßlau	60000	LinkedIn
Isovara Informatik GmbH	Machine Learning Engineer - Datenvisualisierung	2026-08-13	applied	-	cv.pdf	-	Naumburg (Saale)	52000	Jobware
Isovara IT Services	Software Engineer - Analytics	2026-08-13	rejected	-	cv.pdf	cover_letter.pdf	Halle (Saale)	49000	Website
Kernova Research Systems	Senior Business Intelligence Developer - Genomik	2026-08-13	applied	-	cv.pdf	-	Halle (Saale)	69000	Stepstone
Aveniq Digital Solutions	DevOps Engineer - Python und SQL	2026-08-12	applied	-	cv.pdf	cover_letter.pdf	Bonn	56000	LinkedIn
Dataluma Cloud Technologies	Research Software Engineer - Gesundheitsdaten	2026-08-12	rejected	-	cv.pdf	cover_letter.pdf	Leipzig	56000	Stepstone
Elvion Cloud Technologies	Junior Scientific Programmer - Web Applications	2026-08-12	rejected	-	cv.pdf	-	Halle (Saale)	42000	Indeed
Fynora Software GmbH	Biostatistiker*in - Genomik	2026-08-12	rejected	-	cv.pdf	-	Halle (Saale)	69000	Stepstone
Fynora Software GmbH	Senior Full Stack Developer - Genomik	2026-08-12	applied	-	cv.pdf	cover_letter.pdf	Halle (Saale)	69000	LinkedIn
Maventa Data Labs	Junior Web Developer - Gesundheitsdaten	2026-08-12	interview	-	cv.pdf	cover_letter.pdf	Merseburg	43000	other
Maventa Digital Solutions	Data Engineer - Forschung und Entwicklung	2026-08-12	rejected	-	cv.pdf	-	Freiburg im Breisgau	51000	Indeed
Nexovio BioAnalytics	Python Developer	2026-08-12	interview	-	cv.pdf	cover_letter.pdf	Leipzig	47000	Website
Orvanta Cloud Technologies	Junior Frontend Developer - Analytics	2026-08-12	rejected	-	cv.pdf	-	Tübingen	33000	Indeed
Orvanta Digital Solutions	Junior Data Engineer - Gesundheitsdaten	2026-08-12	applied	-	cv.pdf	cover_letter.pdf	Tübingen	33000	Jobware
Syntora Research Systems	Junior DevOps Engineer - Datenvisualisierung	2026-08-11	rejected	-	cv.pdf	cover_letter.pdf	Dresden	36000	Website
Tavexis Digital Solutions	Junior Full Stack Developer - Genomik	2026-08-11	rejected	-	cv.pdf	cover_letter.pdf	Dortmund	32000	Stepstone
Nexovio Cloud Technologies	Scientific Programmer - Cloud und Datenplattformen	2026-08-06	rejected	-	cv.pdf	-	Leipzig	46000	Jobware
Belvora Digital Solutions	Cloud Engineer - Forschung und Entwicklung	2026-08-05	applied	-	cv.pdf	-	Köthen (Anhalt)	70000	Stepstone
Belvora Software GmbH	Junior IT Consultant - Analytics	2026-08-05	rejected	-	cv.pdf	-	Leipzig	50000	Stepstone
Maventa IT Services	Junior Genomics Data Scientist - Datenvisualisierung	2026-08-05	interview	-	cv.pdf	-	Freiburg im Breisgau	36000	Website
Nexovio Data Labs	AI Engineer - Cloud und Datenplattformen	2026-08-05	applied	-	cv.pdf	-	Halle (Saale)	62000	LinkedIn
Nexovio Informatik GmbH	Web Developer - Forschung und Entwicklung	2026-08-05	applied	-	cv.pdf	-	Merseburg	52000	Website
Orvanta Data Labs	Data Engineer - Web Applications	2026-08-05	rejected	-	cv.pdf	-	Lübeck	41000	Stepstone
Belvora Software GmbH	Junior Datenbankentwickler*in	2026-08-03	rejected	-	cv.pdf	-	Leipzig	46000	Indeed
Dataluma Digital Solutions	ETL Developer - Cloud und Datenplattformen	2026-08-03	rejected	-	cv.pdf	-	Leipzig	46000	Stepstone
Dataluma Informatik GmbH	Datenbankentwickler*in - Cloud und Datenplattformen	2026-08-03	applied	-	cv.pdf	-	Mainz	70000	Website
Genovex BioAnalytics	Biostatistiker*in - Analytics	2026-08-03	rejected	-	cv.pdf	-	Schkeuditz	62000	LinkedIn
Joventis Digital Solutions	Senior Business Intelligence Developer - Forschung und Entwicklung	2026-08-03	rejected	-	cv.pdf	-	Leipzig	72000	Stepstone
Rheniq Data Labs	Full Stack Developer - Python und SQL	2026-08-03	interview	-	cv.pdf	-	Karlsruhe	52000	Stepstone
Elvion Digital Solutions	Senior Datenbankentwickler*in - Analytics	2026-08-01	applied	-	cv.pdf	-	Leipzig	61000	Stepstone
Genovex Software GmbH	Data Engineer	2026-08-01	applied	-	cv.pdf	cover_letter.pdf	Jena	61000	LinkedIn
Orvanta Data Labs	Machine Learning Engineer - Forschung und Entwicklung	2026-08-01	interview	-	cv.pdf	cover_letter.pdf	Lübeck	56000	Website
Cendrix Cloud Technologies	Biostatistiker*in - Analytics	2026-07-31	applied	-	cv.pdf	-	Merseburg	55000	Website
Elvion Digital Solutions	Linux Systemadministrator*in - Forschung und Entwicklung	2026-07-31	applied	-	cv.pdf	cover_letter.pdf	Leipzig	62000	LinkedIn
Joventis IT Services	Senior Cloud Engineer - Cloud und Datenplattformen	2026-07-31	rejected	-	cv.pdf	cover_letter.pdf	Rostock	73000	LinkedIn
Joventis Software GmbH	Linux Systemadministrator*in	2026-07-31	rejected	-	cv.pdf	-	Dresden	52000	Stepstone
Lumetrix Software GmbH	Web Developer - Python und SQL	2026-07-31	applied	-	cv.pdf	-	München	55000	Stepstone
Nexovio Informatik GmbH	Web Developer - Cloud und Datenplattformen	2026-07-31	applied	-	cv.pdf	cover_letter.pdf	Merseburg	53000	LinkedIn
Orvanta BioAnalytics	Junior Python Developer - Datenvisualisierung	2026-07-31	applied	-	cv.pdf	-	Leipzig	42000	Stepstone
Rheniq Software GmbH	QA Automation Engineer - Genomik	2026-07-31	interview	-	cv.pdf	-	Darmstadt	48000	Indeed
Belvora Cloud Technologies	Linux Systemadministrator*in - Automatisierung	2026-07-30	interview	-	cv.pdf	-	Halle (Saale)	70000	Stepstone
Dataluma Digital Solutions	AI Engineer - Cloud und Datenplattformen	2026-07-30	applied	-	cv.pdf	-	Leipzig	42000	Website
Joventis Digital Solutions	Data Platform Engineer - Forschung und Entwicklung	2026-07-30	offer	-	cv.pdf	-	Leipzig	53000	Stepstone
Heliqon Cloud Technologies	QA Automation Engineer - Forschung und Entwicklung	2026-07-29	rejected	-	cv.pdf	-	Leipzig	48000	Stepstone
Isovara Data Labs	Junior Data Analyst - Genomik	2026-07-29	rejected	-	cv.pdf	-	Bremen	35000	Indeed
Isovara Software GmbH	Data Analyst - Gesundheitsdaten	2026-07-29	rejected	-	cv.pdf	cover_letter.pdf	Halle (Saale)	44000	Website
Heliqon Informatik GmbH	Junior IT Consultant - Forschung und Entwicklung	2026-07-28	rejected	-	cv.pdf	-	Weißenfels	36000	Stepstone
Isovara Digital Solutions	Data Platform Engineer - Analytics	2026-07-28	rejected	-	cv.pdf	cover_letter.pdf	Halle (Saale)	40000	Website
Pyrelis Informatik GmbH	Computer Vision Engineer - Forschung und Entwicklung	2026-07-28	applied	-	cv.pdf	-	Jena	64000	Indeed
Pyrelis Informatik GmbH	Business Intelligence Developer - Automatisierung	2026-07-28	rejected	-	cv.pdf	cover_letter.pdf	Jena	54000	Stepstone
Lumetrix Informatik GmbH	Software Engineer - Datenvisualisierung	2026-07-27	interview	-	cv.pdf	-	Heidelberg	68000	Stepstone
Tavexis BioAnalytics	Junior AI Engineer - Datenvisualisierung	2026-07-26	rejected	-	cv.pdf	-	Bremen	40000	LinkedIn
Nexovio Research Systems	Web Developer - Gesundheitsdaten	2026-07-24	rejected	-	cv.pdf	cover_letter.pdf	Leipzig	63000	Website
Belvora Software GmbH	Linux Systemadministrator*in - Cloud und Datenplattformen	2026-07-22	rejected	-	cv.pdf	-	Leipzig	61000	Indeed
Maventa Digital Solutions	Computer Vision Engineer - Automatisierung	2026-07-18	applied	-	cv.pdf	-	Freiburg im Breisgau	69000	LinkedIn
Quantiva Data Labs	Data Platform Engineer - Cloud und Datenplattformen	2026-07-18	applied	-	cv.pdf	-	Halle (Saale)	51000	Indeed
Rheniq BioAnalytics	Application Developer - Automatisierung	2026-07-18	applied	-	cv.pdf	cover_letter.pdf	Leipzig	48000	Stepstone
Rheniq Data Labs	Junior Datenbankentwickler*in - Cloud und Datenplattformen	2026-07-18	applied	-	cv.pdf	-	Karlsruhe	48000	Stepstone
Tavexis IT Services	Machine Learning Engineer - Automatisierung	2026-07-18	applied	-	cv.pdf	cover_letter.pdf	Halle (Saale)	49000	Stepstone
Belvora IT Services	NLP Engineer - Genomik	2026-07-17	applied	-	cv.pdf	cover_letter.pdf	Merseburg	44000	LinkedIn
Dataluma Research Systems	Junior Python Developer	2026-07-17	interview	-	cv.pdf	cover_letter.pdf	Halle (Saale)	45000	Stepstone
Elvion Research Systems	Full Stack Developer	2026-07-17	offer	-	cv.pdf	-	Halle (Saale)	50000	Indeed
Fynora Research Systems	Application Developer - Genomik	2026-07-17	rejected	-	cv.pdf	cover_letter.pdf	Rostock	52000	LinkedIn
Fynora Software GmbH	Senior DevOps Engineer - Gesundheitsdaten	2026-07-17	rejected	-	cv.pdf	-	Halle (Saale)	68000	Indeed
Lumetrix Software GmbH	Application Developer - Datenvisualisierung	2026-07-17	rejected	-	cv.pdf	-	München	47000	Stepstone
Nexovio Data Labs	Machine Learning Engineer - Gesundheitsdaten	2026-07-17	interview	-	cv.pdf	-	Halle (Saale)	57000	LinkedIn
Orvanta IT Services	Junior Research Software Engineer - Python und SQL	2026-07-17	interview	-	cv.pdf	-	Köthen (Anhalt)	50000	Indeed
Quantiva BioAnalytics	Data Scientist - Automatisierung	2026-07-17	applied	-	cv.pdf	-	Magdeburg	49000	Indeed
Quantiva Research Systems	QA Automation Engineer - Gesundheitsdaten	2026-07-17	rejected	-	cv.pdf	-	Merseburg	63000	LinkedIn
Syntora Informatik GmbH	Data Analyst - Genomik	2026-07-17	rejected	-	cv.pdf	cover_letter.pdf	Hamburg	52000	LinkedIn
Tavexis Cloud Technologies	Junior Backend Developer - Python und SQL	2026-07-17	offer	-	cv.pdf	-	Dortmund	51000	Indeed
Aveniq Digital Solutions	Data Analyst - Python und SQL	2026-07-15	rejected	-	cv.pdf	-	Bonn	55000	Stepstone
Dataluma BioAnalytics	Senior AI Engineer - Forschung und Entwicklung	2026-07-15	applied	-	cv.pdf	-	Potsdam	65000	LinkedIn
Nexovio BioAnalytics	Full Stack Developer - Genomik	2026-07-15	rejected	-	cv.pdf	cover_letter.pdf	Leipzig	62000	Website
Nexovio Research Systems	Junior Data Scientist - Analytics	2026-07-15	interview	-	cv.pdf	cover_letter.pdf	Leipzig	52000	Stepstone
Orvanta Informatik GmbH	Junior Data Scientist	2026-07-15	rejected	-	cv.pdf	-	Leipzig	45000	Website
Pyrelis Informatik GmbH	QA Automation Engineer - Gesundheitsdaten	2026-07-15	offer	-	cv.pdf	-	Jena	50000	LinkedIn
Aveniq IT Services	NLP Engineer	2026-07-14	applied	-	cv.pdf	cover_letter.pdf	Karlsruhe	71000	Stepstone
Aveniq Software GmbH	Junior Genomics Data Scientist - Datenvisualisierung	2026-07-14	rejected	-	cv.pdf	cover_letter.pdf	Naumburg (Saale)	37000	Stepstone
Cendrix Software GmbH	Junior DevOps Engineer - Datenvisualisierung	2026-07-14	rejected	-	cv.pdf	cover_letter.pdf	Darmstadt	48000	Website
Cendrix Software GmbH	Software Engineer - Analytics	2026-07-14	applied	-	cv.pdf	-	Darmstadt	40000	Indeed
Elvion Informatik GmbH	Full Stack Developer - Genomik	2026-07-14	applied	-	cv.pdf	cover_letter.pdf	Halle (Saale)	61000	Stepstone
Fynora BioAnalytics	IT Consultant - Automatisierung	2026-07-14	rejected	-	cv.pdf	cover_letter.pdf	Mainz	50000	LinkedIn
Fynora Informatik GmbH	Junior Linux Systemadministrator*in - Automatisierung	2026-07-14	applied	-	cv.pdf	-	Köln	46000	Indeed
Heliqon Data Labs	Junior Softwareentwickler*in Python	2026-07-14	applied	-	cv.pdf	cover_letter.pdf	Dessau-Roßlau	35000	Stepstone
Heliqon Informatik GmbH	Softwareentwickler*in Python - Cloud und Datenplattformen	2026-07-14	applied	-	cv.pdf	-	Weißenfels	52000	Website
Orvanta Cloud Technologies	Junior QA Automation Engineer - Forschung und Entwicklung	2026-07-14	rejected	-	cv.pdf	-	Tübingen	33000	Indeed
Orvanta Software GmbH	Junior Machine Learning Engineer - Analytics	2026-07-14	applied	-	cv.pdf	-	Aachen	38000	Indeed
Pyrelis Data Labs	Junior Datenbankentwickler*in - Forschung und Entwicklung	2026-07-14	rejected	-	cv.pdf	-	Schkeuditz	41000	Indeed
Pyrelis Digital Solutions	Junior Bioinformatiker*in - Cloud und Datenplattformen	2026-07-14	rejected	-	cv.pdf	-	Leipzig	52000	Stepstone
Quantiva Data Labs	Backend Developer - Forschung und Entwicklung	2026-07-14	applied	-	cv.pdf	-	Halle (Saale)	70000	Stepstone
Fynora BioAnalytics	Python Developer	2026-07-11	interview	-	cv.pdf	-	Mainz	67000	LinkedIn
Heliqon Data Labs	Python Developer - Cloud und Datenplattformen	2026-07-11	rejected	-	cv.pdf	-	Dessau-Roßlau	60000	Indeed
Kernova Research Systems	Computational Biologist	2026-07-11	applied	-	cv.pdf	-	Halle (Saale)	44000	LinkedIn
Nexovio Research Systems	Junior QA Automation Engineer - Gesundheitsdaten	2026-07-11	applied	-	cv.pdf	-	Leipzig	35000	Stepstone
Aveniq Data Labs	Junior Systems Engineer - Gesundheitsdaten	2026-07-10	rejected	-	cv.pdf	-	Naumburg (Saale)	48000	Website
Aveniq BioAnalytics	Senior Biostatistiker*in - Analytics	2026-07-09	rejected	-	cv.pdf	-	Halle (Saale)	75000	Stepstone
Elvion Software GmbH	Data Scientist - Forschung und Entwicklung	2026-07-09	applied	-	cv.pdf	-	Halle (Saale)	54000	Indeed
Fynora IT Services	QA Automation Engineer - Gesundheitsdaten	2026-07-09	rejected	-	cv.pdf	-	Regensburg	65000	LinkedIn
Fynora Research Systems	Frontend Developer - Analytics	2026-07-09	applied	-	cv.pdf	-	Rostock	65000	Indeed
Genovex Cloud Technologies	Senior Data Platform Engineer - Genomik	2026-07-09	applied	-	cv.pdf	-	Merseburg	73000	Stepstone
Heliqon Data Labs	Full Stack Developer - Gesundheitsdaten	2026-07-09	rejected	-	cv.pdf	-	Dessau-Roßlau	45000	LinkedIn
Isovara Digital Solutions	Junior Linux Systemadministrator*in - Web Applications	2026-07-09	interview	-	cv.pdf	-	Halle (Saale)	47000	Indeed
Kernova Research Systems	Scientific Programmer - Gesundheitsdaten	2026-07-09	rejected	-	cv.pdf	-	Halle (Saale)	49000	Stepstone
Maventa BioAnalytics	Junior Software Engineer - Cloud und Datenplattformen	2026-07-09	rejected	-	cv.pdf	cover_letter.pdf	Dresden	42000	LinkedIn
Maventa Data Labs	Application Developer - Datenvisualisierung	2026-07-09	rejected	-	cv.pdf	cover_letter.pdf	Merseburg	51000	Stepstone
Nexovio Data Labs	Junior Biostatistiker*in - Genomik	2026-07-09	rejected	-	cv.pdf	cover_letter.pdf	Halle (Saale)	40000	Indeed
Pyrelis Research Systems	Linux Systemadministrator*in - Python und SQL	2026-07-09	applied	-	cv.pdf	cover_letter.pdf	Bernburg (Saale)	66000	Stepstone
Belvora Data Labs	Frontend Developer - Gesundheitsdaten	2026-07-06	rejected	-	cv.pdf	-	Jena	47000	LinkedIn
Dataluma BioAnalytics	Cloud Engineer - Gesundheitsdaten	2026-07-06	rejected	-	cv.pdf	-	Potsdam	52000	LinkedIn
Genovex Cloud Technologies	Computer Vision Engineer - Gesundheitsdaten	2026-07-06	applied	-	cv.pdf	-	Merseburg	47000	LinkedIn
Rheniq Data Labs	AI Engineer - Automatisierung	2026-07-06	applied	-	cv.pdf	cover_letter.pdf	Karlsruhe	44000	LinkedIn
Fynora Research Systems	Application Developer - Datenvisualisierung	2026-07-04	rejected	-	cv.pdf	-	Rostock	59000	Stepstone
Genovex Data Labs	Linux Systemadministrator*in - Automatisierung	2026-07-03	applied	-	cv.pdf	-	Dresden	48000	Jobware
Maventa Data Labs	Systems Engineer - Cloud und Datenplattformen	2026-07-03	applied	-	cv.pdf	-	Merseburg	64000	Indeed
Tavexis Cloud Technologies	Junior Business Intelligence Developer - Python und SQL	2026-07-03	applied	-	cv.pdf	cover_letter.pdf	Dortmund	30000	Indeed
Elvion Software GmbH	Junior Linux Systemadministrator*in - Cloud und Datenplattformen	2026-07-02	rejected	-	cv.pdf	-	Halle (Saale)	37000	Website
Kernova IT Services	Senior Softwareentwickler*in Python - Forschung und Entwicklung	2026-07-02	rejected	-	cv.pdf	cover_letter.pdf	Leipzig	66000	Stepstone
Rheniq Digital Solutions	Bioinformatiker*in - Analytics	2026-07-02	applied	-	cv.pdf	-	Leipzig	57000	Stepstone
Dataluma Data Labs	Research Software Engineer - Gesundheitsdaten	2026-07-01	applied	-	cv.pdf	cover_letter.pdf	Leipzig	70000	Website
Belvora Cloud Technologies	Software Engineer - Python und SQL	2026-06-29	applied	-	cv.pdf	-	Halle (Saale)	67000	Indeed
Cendrix Cloud Technologies	Senior AI Engineer - Analytics	2026-06-29	interview	-	cv.pdf	cover_letter.pdf	Merseburg	70000	Stepstone
Fynora BioAnalytics	Junior Computational Biologist - Cloud und Datenplattformen	2026-06-29	rejected	-	cv.pdf	cover_letter.pdf	Mainz	45000	LinkedIn
Genovex IT Services	Senior Softwareentwickler*in Python - Genomik	2026-06-29	rejected	-	cv.pdf	-	Halle (Saale)	60000	Jobware
Heliqon Digital Solutions	Senior QA Automation Engineer - Automatisierung	2026-06-29	rejected	-	cv.pdf	-	Halle (Saale)	79000	LinkedIn
Heliqon IT Services	Computational Biologist - Gesundheitsdaten	2026-06-29	rejected	-	cv.pdf	-	Dresden	72000	LinkedIn
Maventa Software GmbH	Junior Bioinformatiker*in - Forschung und Entwicklung	2026-06-29	interview	-	cv.pdf	-	Erfurt	30000	LinkedIn
Orvanta Data Labs	Junior ETL Developer	2026-06-29	applied	-	cv.pdf	-	Lübeck	47000	Website
Orvanta IT Services	Senior IT Consultant - Automatisierung	2026-06-29	applied	-	cv.pdf	-	Köthen (Anhalt)	76000	LinkedIn
Pyrelis Digital Solutions	Softwareentwickler*in Python - Genomik	2026-06-29	offer	-	cv.pdf	-	Leipzig	56000	Indeed
Tavexis Cloud Technologies	Machine Learning Engineer - Genomik	2026-06-29	applied	-	cv.pdf	-	Dortmund	71000	LinkedIn
Heliqon Data Labs	Junior Data Scientist - Gesundheitsdaten	2026-06-26	applied	-	cv.pdf	cover_letter.pdf	Dessau-Roßlau	45000	Jobware
Joventis Research Systems	Junior NLP Engineer - Analytics	2026-06-26	rejected	-	cv.pdf	-	Leipzig	40000	Website
Nexovio BioAnalytics	DevOps Engineer - Genomik	2026-06-26	rejected	-	cv.pdf	-	Leipzig	49000	Indeed
Pyrelis Software GmbH	Junior Scientific Programmer - Web Applications	2026-06-26	interview	-	cv.pdf	cover_letter.pdf	Hannover	47000	Stepstone
Tavexis Research Systems	Computer Vision Engineer	2026-06-26	interview	-	cv.pdf	-	Chemnitz	46000	Website
Aveniq Digital Solutions	Senior Application Developer - Forschung und Entwicklung	2026-06-24	applied	-	cv.pdf	-	Bonn	60000	Indeed
Fynora Digital Solutions	Data Platform Engineer - Analytics	2026-06-24	rejected	-	cv.pdf	cover_letter.pdf	Bremen	70000	LinkedIn
Genovex Cloud Technologies	Junior Backend Developer - Python und SQL	2026-06-24	interview	-	cv.pdf	-	Merseburg	37000	Jobware
Genovex Informatik GmbH	Data Scientist - Web Applications	2026-06-24	rejected	-	cv.pdf	-	Leipzig	57000	Stepstone
Genovex IT Services	Linux Systemadministrator*in	2026-06-24	rejected	-	cv.pdf	-	Halle (Saale)	59000	Stepstone
Heliqon IT Services	Full Stack Developer - Genomik	2026-06-24	rejected	-	cv.pdf	-	Dresden	56000	LinkedIn
Kernova Research Systems	Application Developer	2026-06-24	applied	-	cv.pdf	-	Halle (Saale)	42000	LinkedIn
Orvanta Data Labs	Computational Biologist - Genomik	2026-06-24	interview	-	cv.pdf	-	Lübeck	70000	Stepstone
Pyrelis BioAnalytics	ETL Developer - Genomik	2026-06-24	offer	-	cv.pdf	-	Leipzig	51000	Indeed
Pyrelis Digital Solutions	Systems Engineer - Analytics	2026-06-24	applied	-	cv.pdf	cover_letter.pdf	Leipzig	70000	Indeed
Pyrelis Software GmbH	Linux Systemadministrator*in	2026-06-24	interview	-	cv.pdf	-	Hannover	43000	Stepstone
Quantiva IT Services	AI Engineer - Analytics	2026-06-24	applied	-	cv.pdf	cover_letter.pdf	Bonn	40000	Stepstone
Syntora BioAnalytics	Senior DevOps Engineer - Python und SQL	2026-06-24	rejected	-	cv.pdf	-	Bitterfeld-Wolfen	69000	LinkedIn
Aveniq Software GmbH	Junior Business Intelligence Developer - Automatisierung	2026-06-21	rejected	-	cv.pdf	-	Naumburg (Saale)	31000	Stepstone
Cendrix Digital Solutions	NLP Engineer - Web Applications	2026-06-17	applied	-	cv.pdf	-	Bitterfeld-Wolfen	49000	Jobware
Joventis Software GmbH	Machine Learning Engineer - Cloud und Datenplattformen	2026-06-15	applied	-	cv.pdf	-	Dresden	61000	Jobware
Rheniq Data Labs	AI Engineer - Gesundheitsdaten	2026-06-15	rejected	-	cv.pdf	-	Karlsruhe	72000	Stepstone
Lumetrix BioAnalytics	Web Developer - Automatisierung	2026-06-14	applied	-	cv.pdf	-	Magdeburg	66000	Stepstone
Quantiva IT Services	Junior Linux Systemadministrator*in - Gesundheitsdaten	2026-06-14	applied	-	cv.pdf	-	Bonn	40000	Indeed
Rheniq Data Labs	Senior Full Stack Developer - Python und SQL	2026-06-14	rejected	-	cv.pdf	-	Karlsruhe	70000	Stepstone
Syntora Data Labs	Junior Softwareentwickler*in Python - Cloud und Datenplattformen	2026-06-14	applied	-	cv.pdf	-	Leipzig	51000	Indeed
Nexovio IT Services	Senior QA Automation Engineer - Datenvisualisierung	2026-06-13	rejected	-	cv.pdf	-	Halle (Saale)	75000	Jobware
Cendrix Software GmbH	QA Automation Engineer - Gesundheitsdaten	2026-06-12	interview	-	cv.pdf	-	Darmstadt	71000	Stepstone
Fynora Informatik GmbH	DevOps Engineer - Forschung und Entwicklung	2026-06-12	applied	-	cv.pdf	cover_letter.pdf	Köln	67000	Stepstone
Joventis Cloud Technologies	Senior Genomics Data Scientist - Python und SQL	2026-06-12	interview	-	cv.pdf	-	Köthen (Anhalt)	65000	Stepstone
Lumetrix Data Labs	Junior Scientific Programmer - Cloud und Datenplattformen	2026-06-12	rejected	-	cv.pdf	cover_letter.pdf	Halle (Saale)	48000	LinkedIn
Aveniq Cloud Technologies	Frontend Developer - Forschung und Entwicklung	2026-06-11	interview	-	cv.pdf	-	Halle (Saale)	50000	Stepstone
Dataluma Informatik GmbH	Junior Frontend Developer - Gesundheitsdaten	2026-06-11	rejected	-	cv.pdf	cover_letter.pdf	Mainz	43000	LinkedIn
Maventa Cloud Technologies	Data Analyst - Datenvisualisierung	2026-06-11	rejected	-	cv.pdf	-	Bernburg (Saale)	41000	LinkedIn
Nexovio Informatik GmbH	DevOps Engineer - Forschung und Entwicklung	2026-06-11	applied	-	cv.pdf	-	Merseburg	69000	Jobware
Orvanta Informatik GmbH	Junior Data Engineer - Python und SQL	2026-06-11	applied	-	cv.pdf	-	Leipzig	45000	LinkedIn
Tavexis BioAnalytics	Data Platform Engineer - Genomik	2026-06-11	applied	-	cv.pdf	cover_letter.pdf	Bremen	68000	LinkedIn
Elvion Cloud Technologies	Data Engineer - Cloud und Datenplattformen	2026-06-08	applied	-	cv.pdf	cover_letter.pdf	Halle (Saale)	42000	Stepstone
Elvion Software GmbH	Junior Computational Biologist - Datenvisualisierung	2026-06-08	interview	-	cv.pdf	cover_letter.pdf	Halle (Saale)	39000	Indeed
Heliqon Digital Solutions	Research Software Engineer - Web Applications	2026-06-08	interview	-	cv.pdf	-	Halle (Saale)	57000	Website
Orvanta Cloud Technologies	Data Platform Engineer - Genomik	2026-06-08	rejected	-	cv.pdf	-	Tübingen	59000	Stepstone
Quantiva Digital Solutions	QA Automation Engineer - Cloud und Datenplattformen	2026-06-08	interview	-	cv.pdf	-	Halle (Saale)	72000	Stepstone
Dataluma Informatik GmbH	Senior Data Platform Engineer - Web Applications	2026-06-07	rejected	-	cv.pdf	-	Mainz	68000	Indeed
Genovex Software GmbH	Junior Bioinformatiker*in - Datenvisualisierung	2026-06-07	applied	-	cv.pdf	-	Jena	42000	Stepstone
Aveniq Research Systems	Data Analyst - Automatisierung	2026-06-03	applied	-	cv.pdf	cover_letter.pdf	Leipzig	69000	Stepstone
Kernova Cloud Technologies	Machine Learning Engineer - Analytics	2026-06-03	rejected	-	cv.pdf	cover_letter.pdf	Weißenfels	43000	Indeed
Orvanta Informatik GmbH	Python Developer - Cloud und Datenplattformen	2026-06-03	applied	-	cv.pdf	cover_letter.pdf	Leipzig	40000	Indeed
Aveniq Cloud Technologies	Scientific Programmer - Genomik	2026-06-01	rejected	-	cv.pdf	cover_letter.pdf	Halle (Saale)	45000	Stepstone
Genovex Digital Solutions	Scientific Programmer	2026-06-01	rejected	-	cv.pdf	cover_letter.pdf	Chemnitz	69000	Stepstone
Heliqon Informatik GmbH	Junior IT Consultant - Gesundheitsdaten	2026-06-01	rejected	-	cv.pdf	-	Weißenfels	45000	Indeed
Joventis Cloud Technologies	Data Platform Engineer	2026-06-01	applied	-	cv.pdf	cover_letter.pdf	Köthen (Anhalt)	40000	Indeed
Lumetrix Software GmbH	Scientific Programmer - Forschung und Entwicklung	2026-06-01	rejected	-	cv.pdf	-	München	55000	Stepstone
Pyrelis Digital Solutions	Business Intelligence Developer - Automatisierung	2026-06-01	applied	-	cv.pdf	-	Leipzig	61000	LinkedIn
Pyrelis Software GmbH	Junior Scientific Programmer - Web Applications	2026-06-01	interview	-	cv.pdf	cover_letter.pdf	Hannover	49000	Jobware
Tavexis Software GmbH	Junior Data Scientist - Gesundheitsdaten	2026-06-01	rejected	-	cv.pdf	-	Leipzig	33000	Stepstone
Aveniq Data Labs	NLP Engineer	2026-05-31	applied	-	cv.pdf	-	Naumburg (Saale)	57000	Indeed
Isovara Data Labs	Business Intelligence Developer - Gesundheitsdaten	2026-05-31	applied	-	cv.pdf	cover_letter.pdf	Bremen	70000	Stepstone
Isovara Software GmbH	Senior DevOps Engineer - Gesundheitsdaten	2026-05-31	rejected	-	cv.pdf	-	Halle (Saale)	76000	Stepstone
Joventis BioAnalytics	Senior Business Intelligence Developer - Web Applications	2026-05-31	offer	-	cv.pdf	-	Merseburg	78000	Jobware
Lumetrix Informatik GmbH	Junior DevOps Engineer - Forschung und Entwicklung	2026-05-31	rejected	-	cv.pdf	-	Heidelberg	50000	LinkedIn
Nexovio Cloud Technologies	NLP Engineer - Analytics	2026-05-31	rejected	-	cv.pdf	cover_letter.pdf	Leipzig	61000	LinkedIn
Isovara Data Labs	Senior Data Platform Engineer - Gesundheitsdaten	2026-05-30	applied	-	cv.pdf	-	Bremen	76000	Stepstone
Belvora Research Systems	Full Stack Developer - Python und SQL	2026-05-28	rejected	-	cv.pdf	cover_letter.pdf	Stuttgart	57000	Stepstone
Dataluma Cloud Technologies	Data Scientist - Cloud und Datenplattformen	2026-05-28	rejected	-	cv.pdf	cover_letter.pdf	Leipzig	66000	Website
Heliqon BioAnalytics	Cloud Engineer - Web Applications	2026-05-28	rejected	-	cv.pdf	-	Merseburg	54000	Stepstone
Isovara BioAnalytics	Senior Full Stack Developer - Web Applications	2026-05-28	rejected	-	cv.pdf	cover_letter.pdf	Leipzig	77000	Website
Joventis IT Services	NLP Engineer	2026-05-28	offer	-	cv.pdf	-	Rostock	70000	Indeed
Nexovio BioAnalytics	MLOps Engineer - Genomik	2026-05-28	applied	-	cv.pdf	cover_letter.pdf	Leipzig	52000	Indeed
Nexovio Software GmbH	DevOps Engineer - Web Applications	2026-05-28	rejected	-	cv.pdf	-	Leipzig	65000	Stepstone
Pyrelis Cloud Technologies	Junior Scientific Programmer - Gesundheitsdaten	2026-05-28	rejected	-	cv.pdf	-	Köthen (Anhalt)	43000	LinkedIn
Quantiva BioAnalytics	Junior Application Developer - Gesundheitsdaten	2026-05-28	applied	-	cv.pdf	cover_letter.pdf	Magdeburg	48000	Indeed
Elvion Research Systems	Junior Software Engineer	2026-05-24	rejected	-	cv.pdf	-	Halle (Saale)	47000	Indeed
Dataluma Software GmbH	Senior Application Developer - Analytics	2026-05-22	rejected	-	cv.pdf	-	Halle (Saale)	70000	Indeed
Aveniq Cloud Technologies	Backend Developer	2026-05-20	applied	-	cv.pdf	-	Halle (Saale)	60000	Stepstone
Aveniq Data Labs	Senior Computational Biologist - Analytics	2026-05-20	rejected	-	cv.pdf	-	Naumburg (Saale)	79000	Stepstone
Aveniq Research Systems	Systems Engineer - Forschung und Entwicklung	2026-05-20	rejected	-	cv.pdf	-	Leipzig	65000	LinkedIn
Belvora Research Systems	Junior Python Developer - Datenvisualisierung	2026-05-20	applied	-	cv.pdf	cover_letter.pdf	Stuttgart	45000	Stepstone
Dataluma Cloud Technologies	Data Engineer - Gesundheitsdaten	2026-05-20	applied	-	cv.pdf	-	Leipzig	50000	Stepstone
Dataluma Software GmbH	Business Intelligence Developer - Analytics	2026-05-20	rejected	-	cv.pdf	cover_letter.pdf	Halle (Saale)	44000	Stepstone
Elvion Informatik GmbH	Bioinformatiker*in	2026-05-20	rejected	-	cv.pdf	cover_letter.pdf	Halle (Saale)	62000	Stepstone
Elvion IT Services	Computer Vision Engineer - Gesundheitsdaten	2026-05-20	rejected	-	cv.pdf	-	Mannheim	55000	LinkedIn
Elvion Research Systems	Data Platform Engineer - Analytics	2026-05-20	rejected	-	cv.pdf	cover_letter.pdf	Halle (Saale)	69000	LinkedIn
Isovara IT Services	Junior Full Stack Developer - Automatisierung	2026-05-20	applied	-	cv.pdf	-	Halle (Saale)	52000	Stepstone
Joventis BioAnalytics	Junior Machine Learning Engineer - Genomik	2026-05-20	applied	-	cv.pdf	-	Merseburg	38000	Website
Joventis Software GmbH	Senior Frontend Developer - Gesundheitsdaten	2026-05-20	rejected	-	cv.pdf	-	Dresden	64000	Indeed
Kernova BioAnalytics	Genomics Data Scientist - Gesundheitsdaten	2026-05-20	rejected	-	cv.pdf	-	Köln	67000	LinkedIn
Kernova Cloud Technologies	Junior Cloud Engineer - Automatisierung	2026-05-20	rejected	-	cv.pdf	cover_letter.pdf	Weißenfels	46000	Stepstone
Kernova Research Systems	Junior Data Analyst - Datenvisualisierung	2026-05-20	interview	-	cv.pdf	-	Halle (Saale)	38000	Stepstone
Lumetrix Cloud Technologies	Computational Biologist	2026-05-20	applied	-	cv.pdf	-	Magdeburg	40000	Indeed
Maventa Cloud Technologies	ETL Developer - Gesundheitsdaten	2026-05-20	rejected	-	cv.pdf	-	Bernburg (Saale)	56000	Indeed
Maventa Digital Solutions	Junior Business Intelligence Developer - Gesundheitsdaten	2026-05-20	rejected	-	cv.pdf	-	Freiburg im Breisgau	42000	Stepstone
Orvanta IT Services	Senior Bioinformatiker*in - Automatisierung	2026-05-20	rejected	-	cv.pdf	-	Köthen (Anhalt)	79000	Stepstone
Tavexis Research Systems	Senior Python Developer - Cloud und Datenplattformen	2026-05-20	rejected	-	cv.pdf	-	Chemnitz	72000	Website
Tavexis Software GmbH	Junior ETL Developer - Datenvisualisierung	2026-05-20	rejected	-	cv.pdf	cover_letter.pdf	Leipzig	42000	Stepstone
Pyrelis IT Services	Senior Data Analyst - Automatisierung	2026-05-19	rejected	-	cv.pdf	-	Dessau-Roßlau	67000	Indeed
Aveniq Software GmbH	DevOps Engineer	2026-05-18	applied	-	cv.pdf	-	Naumburg (Saale)	71000	Stepstone
Joventis Data Labs	Business Intelligence Developer - Cloud und Datenplattformen	2026-05-18	applied	-	cv.pdf	cover_letter.pdf	Merseburg	45000	Stepstone
Lumetrix IT Services	Bioinformatiker*in - Gesundheitsdaten	2026-05-18	applied	-	cv.pdf	-	Dresden	61000	LinkedIn
Maventa Digital Solutions	Senior Computer Vision Engineer	2026-05-18	applied	-	cv.pdf	-	Freiburg im Breisgau	60000	Indeed
Pyrelis Data Labs	Junior Data Platform Engineer - Python und SQL	2026-05-18	rejected	-	cv.pdf	cover_letter.pdf	Schkeuditz	41000	LinkedIn
Tavexis IT Services	Junior Computer Vision Engineer - Gesundheitsdaten	2026-05-18	applied	-	cv.pdf	-	Halle (Saale)	45000	Stepstone
Quantiva IT Services	Cloud Engineer - Python und SQL	2026-05-17	applied	-	cv.pdf	cover_letter.pdf	Bonn	51000	Indeed
Quantiva Software GmbH	Junior Web Developer - Gesundheitsdaten	2026-05-17	interview	-	cv.pdf	-	Leipzig	44000	Indeed
Cendrix BioAnalytics	Scientific Programmer - Automatisierung	2026-05-13	applied	-	cv.pdf	-	Leipzig	50000	Indeed
Cendrix BioAnalytics	Senior Data Platform Engineer	2026-05-13	rejected	-	cv.pdf	cover_letter.pdf	Leipzig	74000	Stepstone
Heliqon BioAnalytics	Data Platform Engineer - Web Applications	2026-05-13	rejected	-	cv.pdf	cover_letter.pdf	Merseburg	60000	Stepstone
Joventis Data Labs	Softwareentwickler*in Python - Datenvisualisierung	2026-05-13	rejected	-	cv.pdf	cover_letter.pdf	Merseburg	64000	LinkedIn
Quantiva IT Services	Software Engineer - Web Applications	2026-05-13	rejected	-	cv.pdf	-	Bonn	45000	Stepstone
Belvora Cloud Technologies	Junior Systems Engineer	2026-05-12	rejected	-	cv.pdf	cover_letter.pdf	Halle (Saale)	51000	LinkedIn
Cendrix Informatik GmbH	Data Analyst - Automatisierung	2026-05-12	applied	-	cv.pdf	-	Halle (Saale)	66000	Stepstone
Elvion IT Services	QA Automation Engineer - Automatisierung	2026-05-12	rejected	-	cv.pdf	-	Mannheim	64000	LinkedIn
Fynora Data Labs	Senior Linux Systemadministrator*in - Python und SQL	2026-05-12	offer	-	cv.pdf	cover_letter.pdf	Bernburg (Saale)	78000	Stepstone
Isovara Data Labs	Datenbankentwickler*in - Forschung und Entwicklung	2026-05-12	rejected	-	cv.pdf	-	Bremen	46000	Stepstone
Isovara Software GmbH	Junior DevOps Engineer - Web Applications	2026-05-12	applied	-	cv.pdf	-	Halle (Saale)	50000	Indeed
Kernova Data Labs	Full Stack Developer - Genomik	2026-05-12	interview	-	cv.pdf	-	Magdeburg	58000	Stepstone
Lumetrix Data Labs	Junior Python Developer - Cloud und Datenplattformen	2026-05-12	rejected	-	cv.pdf	cover_letter.pdf	Halle (Saale)	43000	Stepstone
Nexovio Cloud Technologies	Junior Linux Systemadministrator*in - Analytics	2026-05-12	rejected	-	cv.pdf	cover_letter.pdf	Leipzig	31000	LinkedIn
Nexovio Software GmbH	ETL Developer - Cloud und Datenplattformen	2026-05-12	rejected	-	cv.pdf	-	Leipzig	68000	LinkedIn
Pyrelis Software GmbH	Software Engineer	2026-05-12	rejected	-	cv.pdf	-	Hannover	66000	Stepstone
Quantiva Informatik GmbH	Junior Computational Biologist - Automatisierung	2026-05-12	rejected	-	cv.pdf	-	Jena	48000	LinkedIn
Syntora Data Labs	Junior Business Intelligence Developer - Python und SQL	2026-05-12	rejected	-	cv.pdf	cover_letter.pdf	Leipzig	44000	Stepstone
Dataluma Data Labs	Linux Systemadministrator*in - Web Applications	2026-05-10	rejected	-	cv.pdf	cover_letter.pdf	Leipzig	45000	Stepstone
Pyrelis Software GmbH	Senior Python Developer	2026-05-10	applied	-	cv.pdf	-	Hannover	61000	Indeed
Aveniq Software GmbH	MLOps Engineer - Datenvisualisierung	2026-05-08	applied	-	cv.pdf	-	Naumburg (Saale)	70000	Stepstone
Cendrix BioAnalytics	Junior Cloud Engineer - Web Applications	2026-05-08	rejected	-	cv.pdf	-	Leipzig	50000	Indeed
Cendrix Cloud Technologies	Datenbankentwickler*in	2026-05-08	rejected	-	cv.pdf	-	Merseburg	61000	Indeed
Heliqon Cloud Technologies	Junior IT Consultant - Automatisierung	2026-05-08	applied	-	cv.pdf	-	Leipzig	52000	Stepstone
Heliqon Software GmbH	Application Developer - Gesundheitsdaten	2026-05-08	rejected	-	cv.pdf	cover_letter.pdf	Bernburg (Saale)	71000	LinkedIn
Kernova Digital Solutions	Senior Application Developer - Datenvisualisierung	2026-05-08	rejected	-	cv.pdf	-	Halle (Saale)	67000	LinkedIn
Maventa Cloud Technologies	Senior Python Developer - Forschung und Entwicklung	2026-05-08	applied	-	cv.pdf	-	Bernburg (Saale)	69000	Indeed
Tavexis Informatik GmbH	Software Engineer - Datenvisualisierung	2026-05-08	rejected	-	cv.pdf	-	Dresden	56000	Stepstone
Joventis Cloud Technologies	Data Analyst - Genomik	2026-05-07	rejected	-	cv.pdf	-	Köthen (Anhalt)	61000	other
Pyrelis Research Systems	Computational Biologist - Cloud und Datenplattformen	2026-05-07	rejected	-	cv.pdf	cover_letter.pdf	Bernburg (Saale)	63000	Stepstone
Elvion Research Systems	Full Stack Developer - Cloud und Datenplattformen	2026-05-06	interview	-	cv.pdf	-	Halle (Saale)	58000	Stepstone
Lumetrix Cloud Technologies	Junior Business Intelligence Developer - Python und SQL	2026-05-06	interview	-	cv.pdf	-	Magdeburg	38000	LinkedIn
Nexovio Informatik GmbH	Senior Web Developer	2026-05-06	applied	-	cv.pdf	-	Merseburg	71000	Stepstone
Quantiva Software GmbH	Senior Backend Developer - Python und SQL	2026-05-06	interview	-	cv.pdf	-	Leipzig	63000	LinkedIn
Rheniq Informatik GmbH	Junior IT Consultant - Python und SQL	2026-05-06	applied	-	cv.pdf	cover_letter.pdf	Leipzig	48000	LinkedIn
Elvion Cloud Technologies	Junior Computational Biologist	2026-05-05	rejected	-	cv.pdf	-	Halle (Saale)	39000	LinkedIn
Kernova Software GmbH	Scientific Programmer - Forschung und Entwicklung	2026-05-05	rejected	-	cv.pdf	cover_letter.pdf	Magdeburg	69000	Website
Fynora Software GmbH	Senior Backend Developer - Gesundheitsdaten	2026-05-03	interview	-	cv.pdf	-	Halle (Saale)	67000	LinkedIn
Genovex Software GmbH	ETL Developer - Python und SQL	2026-05-03	applied	-	cv.pdf	cover_letter.pdf	Jena	65000	LinkedIn
Heliqon Software GmbH	Junior MLOps Engineer - Gesundheitsdaten	2026-05-03	rejected	-	cv.pdf	-	Bernburg (Saale)	47000	Website
Cendrix Digital Solutions	Junior Systems Engineer - Analytics	2026-05-01	applied	-	cv.pdf	cover_letter.pdf	Bitterfeld-Wolfen	48000	Jobware
Joventis Digital Solutions	Systems Engineer - Python und SQL	2026-05-01	rejected	-	cv.pdf	cover_letter.pdf	Leipzig	64000	Indeed
Orvanta Informatik GmbH	AI Engineer - Analytics	2026-05-01	applied	-	cv.pdf	cover_letter.pdf	Leipzig	47000	LinkedIn
Orvanta IT Services	Junior ETL Developer - Forschung und Entwicklung	2026-05-01	applied	-	cv.pdf	cover_letter.pdf	Köthen (Anhalt)	41000	Jobware
Syntora Data Labs	Junior Computational Biologist - Web Applications	2026-05-01	applied	-	cv.pdf	-	Leipzig	44000	Website
Tavexis IT Services	Backend Developer	2026-05-01	rejected	-	cv.pdf	cover_letter.pdf	Halle (Saale)	66000	Indeed
Aveniq Data Labs	NLP Engineer - Gesundheitsdaten	2026-04-30	applied	-	cv.pdf	-	Naumburg (Saale)	67000	Indeed
Aveniq Informatik GmbH	Junior Application Developer - Gesundheitsdaten	2026-04-30	applied	-	cv.pdf	-	Dessau-Roßlau	48000	Stepstone
Dataluma Research Systems	Computational Biologist - Analytics	2026-04-30	applied	-	cv.pdf	-	Halle (Saale)	43000	LinkedIn
Elvion Cloud Technologies	Data Analyst - Cloud und Datenplattformen	2026-04-30	rejected	-	cv.pdf	-	Halle (Saale)	69000	Website
Maventa Research Systems	Frontend Developer - Python und SQL	2026-04-30	interview	-	cv.pdf	cover_letter.pdf	Halle (Saale)	68000	Indeed
Orvanta IT Services	Software Engineer - Python und SQL	2026-04-30	applied	-	cv.pdf	cover_letter.pdf	Köthen (Anhalt)	56000	Indeed
Syntora BioAnalytics	Application Developer - Datenvisualisierung	2026-04-30	applied	-	cv.pdf	-	Bitterfeld-Wolfen	62000	Indeed
Syntora IT Services	Genomics Data Scientist	2026-04-30	rejected	-	cv.pdf	-	Göttingen	44000	Stepstone
Tavexis Informatik GmbH	Junior Linux Systemadministrator*in	2026-04-30	applied	-	cv.pdf	-	Dresden	41000	Stepstone
Aveniq Research Systems	Data Scientist	2026-04-29	offer	-	cv.pdf	-	Leipzig	42000	Jobware
Fynora Research Systems	DevOps Engineer - Genomik	2026-04-29	rejected	-	cv.pdf	-	Rostock	46000	LinkedIn
Pyrelis Research Systems	Linux Systemadministrator*in - Forschung und Entwicklung	2026-04-29	applied	-	cv.pdf	cover_letter.pdf	Bernburg (Saale)	44000	Stepstone
Tavexis Research Systems	AI Engineer	2026-04-29	rejected	-	cv.pdf	-	Chemnitz	66000	Stepstone
Fynora Digital Solutions	IT Consultant - Python und SQL	2026-04-27	rejected	-	cv.pdf	-	Bremen	45000	Jobware
Nexovio Digital Solutions	Bioinformatiker*in - Cloud und Datenplattformen	2026-04-27	rejected	-	cv.pdf	cover_letter.pdf	Halle (Saale)	42000	Website
Quantiva Software GmbH	MLOps Engineer - Analytics	2026-04-27	offer	-	cv.pdf	cover_letter.pdf	Leipzig	58000	LinkedIn
Lumetrix Research Systems	Junior Computer Vision Engineer	2026-04-26	rejected	-	cv.pdf	cover_letter.pdf	Magdeburg	45000	Website
Belvora Software GmbH	MLOps Engineer - Gesundheitsdaten	2026-04-25	rejected	-	cv.pdf	cover_letter.pdf	Leipzig	56000	LinkedIn
Cendrix Software GmbH	Senior DevOps Engineer - Web Applications	2026-04-25	rejected	-	cv.pdf	-	Darmstadt	66000	LinkedIn
Isovara Informatik GmbH	Research Software Engineer - Gesundheitsdaten	2026-04-25	rejected	-	cv.pdf	cover_letter.pdf	Naumburg (Saale)	41000	LinkedIn
Aveniq Data Labs	Junior Business Intelligence Developer - Automatisierung	2026-04-24	interview	-	cv.pdf	-	Naumburg (Saale)	40000	LinkedIn
Cendrix Research Systems	Scientific Programmer - Analytics	2026-04-24	interview	-	cv.pdf	cover_letter.pdf	Frankfurt am Main	68000	Website
Genovex IT Services	Machine Learning Engineer - Python und SQL	2026-04-24	applied	-	cv.pdf	-	Halle (Saale)	71000	Indeed
Heliqon Research Systems	Junior AI Engineer - Genomik	2026-04-24	applied	-	cv.pdf	-	Leipzig	42000	LinkedIn
Isovara Cloud Technologies	Bioinformatiker*in - Python und SQL	2026-04-24	rejected	-	cv.pdf	-	Halle (Saale)	46000	Stepstone
Maventa Cloud Technologies	DevOps Engineer - Automatisierung	2026-04-24	applied	-	cv.pdf	-	Bernburg (Saale)	53000	Stepstone
Maventa Digital Solutions	Linux Systemadministrator*in - Cloud und Datenplattformen	2026-04-24	applied	-	cv.pdf	cover_letter.pdf	Freiburg im Breisgau	61000	LinkedIn
Nexovio Informatik GmbH	Scientific Programmer - Forschung und Entwicklung	2026-04-24	rejected	-	cv.pdf	cover_letter.pdf	Merseburg	70000	LinkedIn
Pyrelis Data Labs	Data Platform Engineer - Python und SQL	2026-04-24	applied	-	cv.pdf	-	Schkeuditz	68000	Stepstone
Quantiva Digital Solutions	Genomics Data Scientist - Python und SQL	2026-04-24	rejected	-	cv.pdf	-	Halle (Saale)	70000	Website
Tavexis Software GmbH	Junior Genomics Data Scientist - Cloud und Datenplattformen	2026-04-24	rejected	-	cv.pdf	cover_letter.pdf	Leipzig	47000	Website
Quantiva BioAnalytics	Senior Softwareentwickler*in Python - Gesundheitsdaten	2026-04-23	rejected	-	cv.pdf	-	Magdeburg	78000	Indeed
Elvion BioAnalytics	Junior MLOps Engineer - Datenvisualisierung	2026-04-22	rejected	-	cv.pdf	cover_letter.pdf	Leipzig	33000	Website
Fynora IT Services	Senior Softwareentwickler*in Python - Analytics	2026-04-22	rejected	-	cv.pdf	-	Regensburg	64000	Indeed
Joventis Data Labs	Senior Data Platform Engineer - Cloud und Datenplattformen	2026-04-22	rejected	-	cv.pdf	-	Merseburg	62000	Indeed
Nexovio Data Labs	Junior Datenbankentwickler*in - Genomik	2026-04-22	applied	-	cv.pdf	-	Halle (Saale)	36000	Stepstone
Orvanta Digital Solutions	Junior IT Consultant - Web Applications	2026-04-22	rejected	-	cv.pdf	cover_letter.pdf	Tübingen	35000	LinkedIn
Quantiva Cloud Technologies	ETL Developer - Analytics	2026-04-22	interview	-	cv.pdf	-	Berlin	69000	Indeed
Tavexis Digital Solutions	Business Intelligence Developer - Genomik	2026-04-22	interview	-	cv.pdf	-	Dortmund	72000	Indeed
Elvion Data Labs	Web Developer - Python und SQL	2026-04-18	rejected	-	cv.pdf	cover_letter.pdf	Schkeuditz	53000	LinkedIn
Joventis Software GmbH	Linux Systemadministrator*in - Genomik	2026-04-17	rejected	-	cv.pdf	-	Dresden	46000	LinkedIn
Orvanta Research Systems	Computer Vision Engineer - Genomik	2026-04-17	rejected	-	cv.pdf	-	Leipzig	50000	Stepstone
Syntora Informatik GmbH	Senior Systems Engineer - Web Applications	2026-04-17	rejected	-	cv.pdf	cover_letter.pdf	Hamburg	67000	Indeed
Belvora Data Labs	Data Engineer - Cloud und Datenplattformen	2026-04-15	applied	-	cv.pdf	cover_letter.pdf	Jena	49000	Stepstone
Belvora IT Services	Junior Business Intelligence Developer - Python und SQL	2026-04-15	applied	-	cv.pdf	-	Merseburg	42000	Website
Lumetrix Cloud Technologies	Junior Frontend Developer - Automatisierung	2026-04-15	applied	-	cv.pdf	cover_letter.pdf	Magdeburg	38000	LinkedIn
Quantiva Software GmbH	Biostatistiker*in - Cloud und Datenplattformen	2026-04-15	applied	-	cv.pdf	cover_letter.pdf	Leipzig	69000	Stepstone
Fynora IT Services	Bioinformatiker*in - Gesundheitsdaten	2026-04-10	rejected	-	cv.pdf	-	Regensburg	52000	Jobware
Isovara Data Labs	Scientific Programmer - Cloud und Datenplattformen	2026-04-09	rejected	-	cv.pdf	cover_letter.pdf	Bremen	58000	LinkedIn
Lumetrix Data Labs	IT Consultant - Python und SQL	2026-04-09	rejected	-	cv.pdf	-	Halle (Saale)	64000	Website
Quantiva BioAnalytics	ETL Developer - Cloud und Datenplattformen	2026-04-09	rejected	-	cv.pdf	cover_letter.pdf	Magdeburg	40000	LinkedIn
Maventa Research Systems	Junior Full Stack Developer - Cloud und Datenplattformen	2026-04-05	applied	-	cv.pdf	-	Halle (Saale)	37000	Indeed
Elvion Digital Solutions	Junior AI Engineer - Genomik	2026-04-04	rejected	-	cv.pdf	-	Leipzig	33000	LinkedIn
Elvion Digital Solutions	Junior Backend Developer - Forschung und Entwicklung	2026-04-04	applied	-	cv.pdf	-	Leipzig	35000	Indeed
Rheniq Informatik GmbH	Linux Systemadministrator*in - Datenvisualisierung	2026-04-04	interview	-	cv.pdf	-	Leipzig	72000	Website
Tavexis Informatik GmbH	Application Developer - Genomik	2026-04-04	rejected	-	cv.pdf	-	Dresden	65000	Indeed
Elvion Informatik GmbH	Junior Software Engineer - Analytics	2026-04-02	rejected	-	cv.pdf	-	Halle (Saale)	35000	LinkedIn
Tavexis Research Systems	Machine Learning Engineer - Automatisierung	2026-04-02	applied	-	cv.pdf	-	Chemnitz	45000	Website
Aveniq Digital Solutions	Frontend Developer - Web Applications	2026-04-01	rejected	-	cv.pdf	-	Bonn	70000	Stepstone
Belvora Informatik GmbH	Scientific Programmer - Gesundheitsdaten	2026-04-01	applied	-	cv.pdf	-	Dessau-Roßlau	58000	Stepstone
Dataluma IT Services	Systems Engineer - Automatisierung	2026-04-01	rejected	-	cv.pdf	-	Dessau-Roßlau	47000	Website
Dataluma Research Systems	Senior Frontend Developer	2026-04-01	applied	-	cv.pdf	-	Halle (Saale)	72000	LinkedIn
Heliqon Software GmbH	Senior AI Engineer - Forschung und Entwicklung	2026-04-01	rejected	-	cv.pdf	cover_letter.pdf	Bernburg (Saale)	64000	LinkedIn
Joventis BioAnalytics	QA Automation Engineer - Analytics	2026-04-01	interview	-	cv.pdf	cover_letter.pdf	Merseburg	46000	Indeed
Maventa IT Services	Genomics Data Scientist - Automatisierung	2026-04-01	rejected	-	cv.pdf	cover_letter.pdf	Freiburg im Breisgau	41000	LinkedIn
Quantiva Research Systems	Web Developer - Python und SQL	2026-04-01	applied	-	cv.pdf	-	Merseburg	54000	Stepstone
Syntora Informatik GmbH	IT Consultant - Cloud und Datenplattformen	2026-04-01	rejected	-	cv.pdf	-	Hamburg	44000	Indeed
